lat,reportRating,pubMillis,city,confidence,type,country,nThumbsUp,subtype,reliability,roadType,magvar,globalid,street,lon,uuid
38.911952,3,1.6642E+12,"Washington, DC",0,JAM,US,,JAM_STAND_STILL_TRAFFIC,5,6,246,{5297F9D6-76F2-F008-D021-BBE620DA812D},New York Ave NE,-76.995771,ae593821-cf0e-461a-a92f-b163b8618fa9
38.882267,5,1.6642E+12,"Washington, DC",0,WEATHERHAZARD,US,,HAZARD_ON_SHOULDER_CAR_STOPPED,6,3,112,{47D1D7B4-1E50-633C-02FD-F64FE3504608},I-695 E,-77.012386,fec4f61b-0c62-4f61-b7e7-fcf56f4a9a9c
38.957791,0,1.65664E+12,"Washington, DC",1,ROAD_CLOSED,US,,ROAD_CLOSED_EVENT,8,1,0,{A888D2E7-EE5F-6478-BCA6-0AAFD97FEA02},,-77.001702,030224e1-2aa3-4750-98b3-f7c7379c13e8
38.915565,0,1.65721E+12,"Washington, DC",1,ROAD_CLOSED,US,,ROAD_CLOSED_EVENT,9,2,0,{27FDD6D7-2874-430F-838C-7340475DF364},T St NW,-77.01285,d7c7d587-ed25-40d1-a80a-b02254396b5b
38.915651,0,1.6642E+12,,0,WEATHERHAZARD,,,HAZARD_ON_ROAD_CAR_STOPPED,6,,0,{CDD76B8C-46DF-4ED1-292C-314D3D69A113},,-77.00587,958aa7f8-c261-4133-8b50-890265e8df97
38.90645,0,1.65574E+12,"Washington, DC",5,ROAD_CLOSED,US,,ROAD_CLOSED_EVENT,10,1,0,{87FF15D0-9571-447A-2BDB-86E6D052AEC7},Patterson St NE,-77.008926,18dc249f-42db-4f2d-be1e-a7d75b1b3bbe
38.960466,0,1.66318E+12,"Washington, DC",0,ROAD_CLOSED,US,,ROAD_CLOSED_EVENT,6,7,0,{7BB606B8-BD8A-C406-F254-FE06F74F5CCE},Joyce Rd NW,-77.042086,1db0e2ab-15f2-4b78-af9d-2b6882a89f99
38.92861,0,1.6642E+12,"Washington, DC",0,WEATHERHAZARD,US,,,6,6,133,{34CA2D3F-67D5-C3D2-1458-2FD5E690E280},Massachusetts Ave NW,-77.073162,397a5165-6b42-4ece-8635-4ebb5041c157
38.9818,0,1.66318E+12,"Washington, DC",0,ROAD_CLOSED,US,,ROAD_CLOSED_EVENT,6,7,0,{A5D0116F-8B62-8EA3-7CBA-376C7CBBECF3},Beach Dr NW,-77.042616,2694ce17-ef22-49a7-830d-63cb937d54cc
38.830046,0,1.65547E+12,"Alexandria, VA",2,ROAD_CLOSED,US,,ROAD_CLOSED_EVENT,10,1,0,{5AF108CA-BFB7-9DFD-BECB-7064B7675EFF},Murrays Ave,-77.053448,7685184f-1f9f-403f-9c84-e8a1d0e04c4f
38.860582,0,1.65721E+12,"Arlington, VA",1,ROAD_CLOSED,US,,ROAD_CLOSED_EVENT,8,20,0,{5F6C4250-C25F-EC23-CE6C-66758EAF0A97},,-77.058431,16e9aa1d-6a44-42b6-b249-f6da4530f184
38.920228,0,1.6376E+12,"Washington, DC",0,ROAD_CLOSED,US,,ROAD_CLOSED_EVENT,6,7,0,{16FC9943-4CF7-D66E-1E48-162B808FA2A7},4th St NE,-77.000571,b47ca8fc-7cd9-4bf8-9c8d-4353731eb6f5
38.829102,0,1.65547E+12,"Alexandria, VA",1,ROAD_CLOSED,US,,ROAD_CLOSED_EVENT,8,1,0,{2563A89F-9B84-59B0-9A2F-AE2E727E60FD},Murrays Ave,-77.053272,9307d180-a305-45a4-a514-92b3a2bb8922
38.900247,0,1.66241E+12,"Washington, DC",0,ROAD_CLOSED,US,,ROAD_CLOSED_EVENT,7,1,0,{935306C7-8F07-6D23-C4BF-61D4796B5F73},Burnham Pl NE,-76.949371,10055fa0-e419-4919-8f0a-69235830da4e
38.872839,3,1.6642E+12,"Arlington, VA",0,JAM,US,,JAM_STAND_STILL_TRAFFIC,5,4,254,{C0B2E273-9FB0-A88C-2C8A-3A11C727F94E},Exit 10B: George Washington Mem Pkwy S » Reagan Nat'l Airport,-77.045486,7c950c2b-4ad1-41cd-8f31-36aee6744110
38.901334,3,1.6642E+12,"Washington, DC",0,JAM,US,,JAM_HEAVY_TRAFFIC,6,6,271,{43AB1EEF-1A0C-14EC-A110-860AB4B935D5},I St NW,-77.033889,6dde048c-5061-4413-8d1e-479ed1f812a2
38.878014,0,1.63562E+12,"Washington, DC",5,ROAD_CLOSED,US,,ROAD_CLOSED_EVENT,10,1,0,{295B01A1-F9BD-7CBF-E21B-2EDBF12516B6},Water St SW,-77.022758,c1723066-d381-491d-9de2-c2ffc52bd442
38.96005,0,1.66347E+12,"Washington, DC",0,ROAD_CLOSED,US,,ROAD_CLOSED_EVENT,6,1,0,{F584F755-7B5D-9B79-43D2-CCCF9BC5B988},Ross Dr NW,-77.043609,96cbd946-e793-4204-9122-8f8780819bc0
38.960373,0,1.66318E+12,"Washington, DC",0,ROAD_CLOSED,US,,ROAD_CLOSED_EVENT,6,7,0,{9703FB13-E70E-6F33-4D14-8524DD6A85CC},Joyce Rd NW,-77.043149,58db5fbf-dc16-43fb-ac57-86476bdb4f44
38.976596,0,1.66318E+12,"Washington, DC",0,ROAD_CLOSED,US,,ROAD_CLOSED_EVENT,6,7,0,{D80354F5-0388-5F76-C650-55C8B41784AE},Beach Dr NW,-77.04148,241c77da-1b07-4fe2-bbdc-5dad5f295093
38.940179,0,1.65754E+12,"Washington, DC",4,ROAD_CLOSED,US,,ROAD_CLOSED_EVENT,10,7,0,{591D3052-644F-6B53-277E-803259AF86DA},Piney Branch Pkwy NW,-77.035063,00b69e65-05ad-4a71-a4ff-305198cc1a3d
38.873023,3,1.6642E+12,"Washington, DC",0,JAM,US,,JAM_HEAVY_TRAFFIC,5,3,37,{78A1552C-0209-865D-3620-95A56088D4E6},I-395 N,-77.042303,39eac561-dca5-4ccb-b380-6663660ee6d1
38.927614,2,1.6642E+12,"Washington, DC",0,JAM,US,,JAM_HEAVY_TRAFFIC,5,7,268,{5E6F5B51-1143-AA3B-D756-D4023F2EBE8A},Columbia Rd NW,-77.03036,fb1b5813-65d1-4f45-9785-8991426b8753
38.917266,3,1.6642E+12,"Washington, DC",0,JAM,US,,,5,6,274,{0B226683-E94E-18E3-9D5B-44B39B62681F},New York Ave NE,-76.966594,6c49f937-e414-4c90-9f1e-6091d4a89b98
38.964901,2,1.6642E+12,"Washington, DC",0,WEATHERHAZARD,US,,HAZARD_ON_ROAD_CAR_STOPPED,5,2,90,{55DEAFCF-8A3E-F280-B135-E58993DCE946},Nevada Ave NW,-77.070056,102908a5-97cb-46bb-b2cc-2467e45f20e1
38.874638,0,1.66359E+12,"Washington, DC",0,ROAD_CLOSED,US,,ROAD_CLOSED_EVENT,6,1,0,{C20F7DA7-AC38-A6FA-829A-C7059333074B},N. St SE,-77.005892,7ba454e2-91c2-46a8-ba4d-0dd76e2932ea
38.894443,3,1.6642E+12,"Washington, DC",0,WEATHERHAZARD,US,,HAZARD_ON_ROAD_CONSTRUCTION,5,6,181,{F59B51C3-B193-40EF-317F-2F1EE69B995F},23rd St NW,-77.050131,e11104b4-adff-4ef7-bfd3-32c41d24a2b0
38.860952,0,1.64352E+12,"Arlington, VA",1,ROAD_CLOSED,US,,ROAD_CLOSED_EVENT,8,20,0,{0D0F7E42-BC13-6024-65A8-4D30BE0751DF},,-77.058573,06297104-48ce-430f-aff7-022ae225bcd7
38.928491,0,1.6642E+12,"Washington, DC",0,WEATHERHAZARD,US,,,6,6,313,{010816D0-DC03-49F0-C4E4-84D42A142AAC},Massachusetts Ave NW,-77.072999,a072d7db-4d37-4da4-9bd4-fa38b6719858
38.892035,4,1.6642E+12,"Washington, DC",0,ROAD_CLOSED,US,,ROAD_CLOSED_CONSTRUCTION,5,2,312,{FD80C230-5D98-A6D1-7FB1-8C3EF1F78B8F},2nd St NE,-77.003511,b270596a-a4ae-4246-b337-88d980f6efcf
38.976596,0,1.66318E+12,"Washington, DC",0,ROAD_CLOSED,US,,ROAD_CLOSED_EVENT,6,7,0,{4C57E9D7-57DF-0BFB-2E1E-B27E5CDA24AC},Beach Dr NW,-77.04148,f324b4d5-c385-473e-87a5-7dea8094ec85
38.878941,4,1.6642E+12,"Washington, DC",0,JAM,US,,JAM_HEAVY_TRAFFIC,5,4,78,{B192FA6F-2705-6D7C-CE89-4D0D2BEEC319},to I-395 N » Capitol Hill,-77.037818,abb2d737-4572-4f6e-9b57-1efdc143b31c
38.894402,3,1.6642E+12,,0,JAM,US,,JAM_STAND_STILL_TRAFFIC,5,3,168,{17432ACE-D958-45A8-8560-9DA89C960E39},I-66 E,-77.067839,29f2885c-aa99-440e-925e-f52a8337ea61
38.857561,0,1.66056E+12,"Arlington, VA",5,WEATHERHAZARD,US,0,HAZARD_ON_ROAD_CONSTRUCTION,10,6,251,{F77E30B8-88D3-0343-520D-4E7B24A2DEAF},Columbia Pike,-77.105576,13543126-fbaf-41ac-8117-499b743f52d3
38.956233,0,1.65664E+12,"Washington, DC",2,ROAD_CLOSED,US,,ROAD_CLOSED_EVENT,10,1,0,{425C60CF-7C60-A753-B130-2F1489B8EF46},,-77.001389,a39b99b0-0079-49ec-bc19-81bde7ea5155
38.902402,3,1.6642E+12,"Washington, DC",0,JAM,US,,JAM_STAND_STILL_TRAFFIC,5,1,97,{F61167C7-0886-C1ED-23AE-0CACC2A44639},K St NW,-77.051105,ceaffe29-7548-4042-b34f-d8f0e9ce52d6
38.877789,4,1.6642E+12,"Washington, DC",0,ACCIDENT,US,,ACCIDENT_MINOR,5,3,313,{CEA540CC-F021-EDE0-3357-E8669B80A54C},I-695 W,-76.991287,821589b5-e089-420e-81f2-e177daf71ab4
38.913972,0,1.65151E+12,"Washington, DC",4,ROAD_CLOSED,US,,ROAD_CLOSED_EVENT,10,1,0,{69ED71FD-6E74-B43D-0E78-5DC990E18BBB},3rd St NW,-77.015774,baebf4ee-66c9-4cbd-983b-4136d8777f94
38.953077,0,1.6642E+12,"Washington, DC",0,WEATHERHAZARD,US,,,6,6,353,{D2A4242D-CBB9-32CA-E1DF-7DB65AEC1932},Georgia Ave NW,-77.027595,eddc9667-5836-4200-9bbf-340491d0fa53
38.983647,0,1.66318E+12,"Washington, DC",0,ROAD_CLOSED,US,,ROAD_CLOSED_EVENT,6,7,0,{DA42E034-616E-F4BF-7677-4C7685F01393},Beach Dr NW,-77.042859,e7928a03-7ede-45b1-9491-63f0ce618b8d
38.976337,3,1.6642E+12,"Washington, DC",0,JAM,US,,JAM_MODERATE_TRAFFIC,5,7,324,{CDEC47A4-8008-289C-3955-B10A1C7BC1E2},Blair Rd NW,-77.02036,5996d45c-466d-4e31-ae5d-244f231c98e7
38.928562,2,1.6642E+12,"Washington, DC",0,JAM,US,,JAM_HEAVY_TRAFFIC,5,7,277,{BE143E54-5AC2-40B8-01A8-E140194442C8},Michigan Ave NW,-77.019026,91e0d46e-d116-4c15-a389-9040d45d5292
38.878823,3,1.6642E+12,"Washington, DC",3,WEATHERHAZARD,US,,HAZARD_ON_SHOULDER_CAR_STOPPED,10,3,105,{FC2DC687-AD1E-DD15-AA1D-68395E5569F8},I-695 E,-76.995776,76771dfe-5720-4d2e-b189-e1148a426f75
38.877064,0,1.63562E+12,"Washington, DC",0,ROAD_CLOSED,US,,ROAD_CLOSED_EVENT,6,1,0,{01EDCBCB-9ED4-86F8-AC38-4F7A114F59CF},Water St SW,-77.021446,845cb7c2-ff13-49b0-b229-71669a66b5ad
38.799705,2,1.6642E+12,"Alexandria, VA",1,WEATHERHAZARD,US,,HAZARD_ON_ROAD_CONSTRUCTION,8,6,190,{121A0E21-DD9A-EF4A-6285-1501DB7AB482},S Washington St,-77.048112,c7d1f8d1-29b7-4447-ad24-aa5443e9f1ac
38.937211,0,1.65754E+12,"Washington, DC",3,ROAD_CLOSED,US,,ROAD_CLOSED_EVENT,10,7,0,{63C3FAF3-D0B6-AA3C-C482-25102D0829CB},Piney Branch Pkwy NW,-77.038621,02c38d4f-609d-437a-a1f4-73e674bb0488
38.956451,0,1.65664E+12,"Washington, DC",0,ROAD_CLOSED,US,,ROAD_CLOSED_EVENT,6,1,0,{5A66C428-F637-CAB1-9E9B-8ABEACED3E5F},,-77.001092,a1ec22e8-9149-4198-acc8-ec531cc5de98
38.921005,0,1.6376E+12,"Washington, DC",0,ROAD_CLOSED,US,,ROAD_CLOSED_EVENT,7,7,0,{667D1C7C-DA19-5A98-B63D-A715C16EC762},4th St NE,-77.000567,8e3d9bdb-888e-4ef2-b7e3-eff836591746
38.912186,0,1.66006E+12,"Washington, DC",1,ROAD_CLOSED,US,,ROAD_CLOSED_EVENT,8,1,0,{44C6D69F-C534-B0E6-7329-D47611BC12B1},Tondorf Rd NW,-77.074165,28545656-218a-4597-ad34-fcfa5a9bac99
38.891441,0,1.66155E+12,"Arlington, VA",1,ROAD_CLOSED,US,,ROAD_CLOSED_EVENT,8,1,0,{81622407-589A-4354-0AB6-A6646DAEA962},N Uhle St,-77.084842,25356111-113f-42dd-ae18-45275f7275e1
38.899237,0,1.66241E+12,"Washington, DC",0,ROAD_CLOSED,US,,ROAD_CLOSED_EVENT,6,1,0,{6CFE98CF-2ECC-C0CB-22D0-F7E51514D5E3},Grant Pl NE,-76.949373,10d4cd2a-7b39-4b56-a078-8054551dfd63
38.935626,0,1.66374E+12,"Washington, DC",0,ROAD_CLOSED,US,,ROAD_CLOSED_EVENT,6,1,0,{5991E166-7199-B347-2F61-51C16351A624},10th St NW,-77.027204,5fa2fe12-f8bb-43e9-8aed-64a3c7abfe68
38.893192,0,1.65989E+12,"Washington, DC",0,ROAD_CLOSED,US,,ROAD_CLOSED_EVENT,6,2,0,{B335D1FF-059B-E131-5774-C9C758CA2F50},2nd St NE,-77.003516,716f3a03-5715-40d8-bc52-7d26d123905c
38.986272,0,1.66318E+12,"Washington, DC",0,ROAD_CLOSED,US,,ROAD_CLOSED_EVENT,6,7,0,{9E1BAB20-4AFD-F035-EA20-EFC24032FD02},Beach Dr NW,-77.053007,6bde5ab3-dac1-4641-b134-5be62d39d929
38.918109,2,1.6642E+12,"Washington, DC",1,JAM,US,0,JAM_HEAVY_TRAFFIC,7,6,240,{2BA8B348-F5F0-0DA3-43FB-7728E45B298B},New York Ave NE,-76.955499,1b2429df-7246-40ed-b712-14e7de88d93f
38.793071,3,1.66419E+12,,5,ACCIDENT,US,0,ACCIDENT_MINOR,10,3,96,{6B86C0F6-0126-916E-EA35-F935DDB0AEDB},I-95 N • I-495 E Thru,-77.046352,921a60ba-99f8-40a6-8245-de0c8ceae38b
38.877732,2,1.6642E+12,"Washington, DC",0,WEATHERHAZARD,US,,HAZARD_ON_SHOULDER_CAR_STOPPED,5,6,289,{05DB8770-94EC-9950-0561-352CF1BA12DA},Southeast Blvd,-76.990497,cd84763f-8b2e-46d2-b3b7-fb388b33579d
38.929587,5,1.6642E+12,"Washington, DC",0,JAM,US,,JAM_STAND_STILL_TRAFFIC,5,7,0,{C67DFAA8-7AB0-A057-136F-D87DDDAB6B37},13th St NW,-77.029709,a1146cfd-ef6d-468f-8f46-e314081d33a9
38.932543,3,1.6642E+12,"Washington, DC",0,WEATHERHAZARD,US,,HAZARD_ON_ROAD_CONSTRUCTION,6,1,89,{A3AD55A2-7216-4C9A-521A-1661598A9E2D},Lowell St NW,-77.067052,cadbca9c-ffb6-4e40-8b41-083a5cf8318a
38.956332,3,1.6642E+12,"Washington, DC",1,WEATHERHAZARD,US,,HAZARD_ON_ROAD_CAR_STOPPED,7,6,310,{DE9096B0-E7BE-3F4A-A603-4A6F3C9C914C},South Dakota Ave NE,-77.001538,ad23aa85-d04e-4353-a69c-76e38f716298
38.860952,0,1.64352E+12,"Arlington, VA",1,ROAD_CLOSED,US,,ROAD_CLOSED_EVENT,9,20,0,{9D1C68E8-9644-AFF9-B842-405302FB315A},,-77.058573,a16ed36c-1846-451e-a804-d27e71b36019
38.845451,3,1.6642E+12,"Arlington, VA",0,WEATHERHAZARD,US,,HAZARD_ON_ROAD_CAR_STOPPED,5,4,356,{77645022-DE7D-33D3-2E57-76FBDFD9B1F6},to I-395 N » Washington,-77.079808,38f38751-0137-4562-96f5-19e0ca7bdaa6
38.947514,5,1.6642E+12,"Washington, DC",2,WEATHERHAZARD,US,,HAZARD_ON_ROAD_CONSTRUCTION,9,7,34,{F7A307A7-5CF8-D62C-1784-EDF036FC0128},Dalecarlia Pkwy NW,-77.102142,2a1c82d5-e382-455d-8036-c3841b811bf5
38.914043,0,1.66251E+12,"Washington, DC",0,ROAD_CLOSED,US,,ROAD_CLOSED_EVENT,7,1,0,{58373C4A-8588-44CD-E463-65A06BA71C94},S. St NW,-77.053247,ee1f49f4-6ee8-4873-96f3-c4ee5f372c8c
38.910245,3,1.66419E+12,"Washington, DC",5,WEATHERHAZARD,US,,HAZARD_ON_ROAD_CONSTRUCTION,10,6,113,{40623834-5BC7-8D44-CF3B-96D664C21E82},Massachusetts Ave NW,-77.045183,50800afe-7f41-4fd4-a188-ab0516c62b03
38.907541,3,1.66419E+12,"Washington, DC",1,WEATHERHAZARD,US,,HAZARD_ON_ROAD_CAR_STOPPED,10,2,0,{EEF794F4-8259-59B5-A080-8C52E7C7DE9F},First St NW,-77.012152,a782585d-6c64-48f4-803c-9e1dce8eb82a
38.876472,4,1.6642E+12,"Washington, DC",1,JAM,US,0,JAM_HEAVY_TRAFFIC,8,6,0,{4EBFBAF7-830F-705A-FCA9-0C2AD0EF875D},S Capitol St SE,-77.009024,7dd56a0b-b357-4c3f-a0df-f34c5deccaac
38.877064,0,1.63562E+12,"Washington, DC",5,ROAD_CLOSED,US,,ROAD_CLOSED_EVENT,10,1,0,{F2281947-4C92-2323-84FA-4CB268145AAF},,-77.021446,cd571d2f-8230-44aa-ae32-bcfb53951fbb
38.877064,0,1.63562E+12,"Washington, DC",0,ROAD_CLOSED,US,,ROAD_CLOSED_EVENT,6,1,0,{94C491C0-B9FB-F2B8-0C0F-80A85A0D3B83},Water St SW,-77.021446,f747bd88-fc6b-4eaf-84c2-b82f76f928b4
38.960373,0,1.66318E+12,"Washington, DC",0,ROAD_CLOSED,US,,ROAD_CLOSED_EVENT,6,7,0,{E444E833-9625-BEBA-7FF1-3B54A061B46A},Joyce Rd NW,-77.043149,217d8c88-f83f-4fdb-91fb-b1b87259c990
38.953353,0,1.6642E+12,"Washington, DC",0,WEATHERHAZARD,US,,,6,6,173,{3FD39F42-37C7-479D-D642-9504FC2713AE},Georgia Ave NW,-77.027633,db5815fa-ee84-49e2-8025-28b9e63b3a9a
38.859815,0,1.63701E+12,"Arlington, VA",5,ROAD_CLOSED,US,0,ROAD_CLOSED_EVENT,10,1,0,{42A85A47-6869-DFE1-FE80-217FF4314A9F},S Elm St,-77.055026,3804f259-22a4-43cc-9225-dc91d5188af2
38.960529,0,1.66318E+12,"Washington, DC",0,ROAD_CLOSED,US,,ROAD_CLOSED_EVENT,7,7,0,{CFA1BA15-6F97-0061-83FC-25298B8E30C8},Joyce Rd NW,-77.043586,1e1ba9dc-3e13-4f00-81fc-9f8d5b85e865
38.91483,2,1.6642E+12,"Washington, DC",0,JAM,US,,,5,1,90,{322D02BA-D825-E28A-D7BF-C3C0CB4FD856},Swann St NW,-77.035531,efb7b414-17ec-479a-8f58-518bb0d089d0
38.872878,3,1.6642E+12,"Arlington, VA",0,JAM,US,,JAM_MODERATE_TRAFFIC,5,4,227,{3824502D-284A-E8B4-603B-250F1A58EF0B},Exit 10B: George Washington Mem Pkwy S » Reagan Nat'l Airport,-77.045367,61f67f28-e53c-40b9-956a-ec02bbf9265e
38.900839,0,1.6642E+12,"Washington, DC",0,WEATHERHAZARD,US,,,6,2,359,{A68468F3-EC0F-4EB8-59DA-E8B69FAE392A},22nd St NW,-77.048824,40e4d507-ba10-48b6-8dfa-e506d5419145
38.944621,5,1.6642E+12,"Washington, DC",0,WEATHERHAZARD,US,,HAZARD_ON_SHOULDER_CAR_STOPPED,7,7,9,{7E4C5DC9-03D4-01D0-B579-00E53FEBA2FB},Dalecarlia Pkwy NW,-77.103589,a0e559fb-daf4-4318-9132-7c66431f44b7
38.913972,0,1.65151E+12,"Washington, DC",0,ROAD_CLOSED,US,,ROAD_CLOSED_EVENT,6,1,0,{A7B26A3A-C3E4-A8DB-A373-0F3FB350DF7B},3rd St NW,-77.015774,8e8efc20-7a46-4e44-8115-2ec52ca465c6
38.867644,3,1.6642E+12,"Washington, DC",1,JAM,US,0,JAM_STAND_STILL_TRAFFIC,7,6,298,{34F35108-24F9-EF3E-77AE-A80F10C89D7E},Frederick Douglass Br,-77.003434,82c8aa57-0b3c-431a-ac14-67b521025a2b
38.889526,0,1.66419E+12,,5,WEATHERHAZARD,US,,HAZARD_ON_ROAD_CONSTRUCTION,10,3,243,{D8C8F987-FCA6-5D44-35BA-FA6A17E6C7F5},I-66 W,-77.108978,d57a51a7-5f68-4357-8117-b228e0c2420f
38.936983,0,1.66374E+12,"Washington, DC",0,ROAD_CLOSED,US,,ROAD_CLOSED_EVENT,6,1,0,{1A9E9631-E789-8B48-B97D-92DC3319D9DE},10th St NW,-77.027196,3f50c9f8-d8d4-420b-93fe-fa72aeff1448
38.957613,0,1.65664E+12,"Washington, DC",1,ROAD_CLOSED,US,,ROAD_CLOSED_EVENT,9,1,0,{BACE451D-13C8-E18D-D19C-D17243BA51C6},,-77.001339,71b4e68d-5867-490d-aba9-cbb4c02c9d3a
38.892016,2,1.66419E+12,"Washington, DC",5,WEATHERHAZARD,US,,HAZARD_ON_ROAD_POT_HOLE,10,7,271,{CEF62192-79BB-C10C-6EB6-30B53AA2EBEE},Constitution Ave NE,-77.001382,ad90fd80-493a-4c72-be15-d7db0085982a
38.892593,5,1.6642E+12,"Washington, DC",2,WEATHERHAZARD,US,,HAZARD_ON_ROAD_CAR_STOPPED,9,6,0,{698FD941-8B3A-E559-544E-C4346375FD7A},14th St NW,-77.031945,f8cf38b5-ca8d-4d18-b90f-86882acd3284
38.96197,3,1.66419E+12,"Washington, DC",5,WEATHERHAZARD,US,0,HAZARD_ON_ROAD_CAR_STOPPED,10,6,262,{743E2211-5F4B-95A0-93FA-77A354CE01E5},Military Rd NW,-77.051582,48eca717-59f7-46dd-a816-dc6102fd150a
38.961504,2,1.6642E+12,"Washington, DC",0,JAM,US,,JAM_STAND_STILL_TRAFFIC,5,6,235,{D44B4B8B-0755-3091-8854-CC5DE5B3928F},Military Rd NW,-77.043289,c3682507-9176-42c4-9bca-d7a7ca06e89b
38.911075,0,1.6642E+12,"Washington, DC",0,WEATHERHAZARD,US,,HAZARD_ON_ROAD_CAR_STOPPED,6,6,0,{6D1A78AF-3A79-A4B5-FCA1-BF10C474346A},6th St NW,-77.019901,fcfaeb26-0c49-4238-9c07-99bb6f52755b
38.857651,0,1.66174E+12,"Arlington, VA",1,ROAD_CLOSED,US,,ROAD_CLOSED_EVENT,8,2,0,{94D65C46-A587-8EC9-E7E7-91CD2CC1B875},S Bell St,-77.051149,a96d4d88-9a7f-4c26-a52d-54c913f84fb7
38.975752,0,1.66318E+12,"Washington, DC",0,ROAD_CLOSED,US,,ROAD_CLOSED_EVENT,6,7,0,{AF2E9E74-94E6-8CA8-2C03-5198C7F840A2},Beach Dr NW,-77.040708,5c6e266d-9283-4f00-afd3-0686bded5be3
38.836403,0,1.6642E+12,"Washington, DC",0,WEATHERHAZARD,US,,HAZARD_ON_ROAD_CAR_STOPPED,6,2,10,{5260E737-6F9E-4C8C-94A3-F3F5D1CB4AF2},4th St SE,-77.000729,577e0fd2-5940-420b-9683-47a247d67c77
38.914651,3,1.6642E+12,"Washington, DC",0,JAM,US,,JAM_HEAVY_TRAFFIC,5,4,179,{2F2C1E96-0472-F899-67A0-7B79B4F72A2A},N Capitol St NW Service Rd,-77.009185,56582bd1-4dd2-41df-9337-22d7528c5f50
38.9741,3,1.6642E+12,"Washington, DC",0,JAM,US,,JAM_MODERATE_TRAFFIC,5,7,319,{FE87545C-2399-79B5-FFF1-597F3FF6EC99},Blair Rd NW,-77.017595,770c5fba-5eb1-4668-bcad-e76af79fa0e5
38.961881,4,1.6642E+12,"Washington, DC",0,WEATHERHAZARD,US,,HAZARD_ON_ROAD_POT_HOLE,5,6,359,{72EAABA4-DAE8-9FD3-D7FC-05E898DEBA63},Military Rd NW,-77.052121,0cbd79e9-01bb-4803-aa6d-b81cb476e06e
38.900968,0,1.6642E+12,"Washington, DC",0,WEATHERHAZARD,US,,HAZARD_ON_ROAD_CAR_STOPPED,6,2,359,{F95D54B7-F9EE-18A6-F23B-0113A92DE140},22nd St NW,-77.048825,e002f6c5-b135-4d0b-a64f-6acb8683e56d
38.874636,0,1.66359E+12,"Washington, DC",0,ROAD_CLOSED,US,,ROAD_CLOSED_EVENT,6,1,0,{F883D56D-CE3C-BBEA-C664-526225DD54E7},N. St SE,-77.004773,09f5db69-a8cc-41f4-b045-63fe8f550264
38.927684,2,1.6642E+12,"Washington, DC",0,JAM,US,,JAM_HEAVY_TRAFFIC,5,7,268,{289CC47C-44FA-3A85-DCE7-7402BB15CD86},Columbia Rd NW,-77.0285,a8506d55-add2-48ef-881a-363e707fb8c8
38.860936,0,1.64352E+12,"Arlington, VA",1,ROAD_CLOSED,US,,ROAD_CLOSED_EVENT,8,20,0,{4D65F245-1D92-A8CD-9230-DE5CD08DEC00},,-77.058381,339f5e35-8d5f-4840-ae28-74a87fc6dbdc
38.911129,0,1.64425E+12,"Washington, DC",5,ROAD_CLOSED,US,0,ROAD_CLOSED_EVENT,10,1,0,{94865FE9-6FF3-3B17-724F-50E3C5766A2F},19th St NW,-77.043435,3a62baf5-5683-41f3-b851-0ce03283d906
38.902589,3,1.6642E+12,"Washington, DC",0,ACCIDENT,US,,ACCIDENT_MINOR,5,6,286,{E14F8971-4B36-FA5C-3EB0-3B224CC24EAA},K St NW,-77.056253,de480fe4-5e04-4680-bdd4-9e5a09c75d41
38.919813,0,1.6376E+12,"Washington, DC",5,ROAD_CLOSED,US,,ROAD_CLOSED_EVENT,10,7,0,{320163C5-15D0-80DE-692D-18BE8C42CEA1},4th St NE,-77.00057,ca6d1c2e-7445-48e3-997f-cd29306c12c2
38.910336,4,1.6642E+12,"Washington, DC",0,JAM,US,,JAM_STAND_STILL_TRAFFIC,5,6,247,{766E3B33-131D-5516-167C-C86889CA31D7},New York Ave NE,-77.000726,26dec3cb-3dbe-4ccf-ad26-533da6764b90
38.889539,5,1.6642E+12,,5,WEATHERHAZARD,US,,HAZARD_ON_SHOULDER_CAR_STOPPED,10,3,254,{B3D31E0B-039D-C973-30F3-E755F9DB7826},I-66 W,-77.108927,f7805ce3-7dd4-408c-a223-dd12e72e4817
38.857924,0,1.66052E+12,"Arlington, VA",4,ROAD_CLOSED,US,0,ROAD_CLOSED_EVENT,10,1,0,{6E5E034D-2ED0-D747-D5E2-A5BEA54B0DD2},S Thomas St,-77.104298,095a8e53-2151-414f-a98c-17595ff34eba
38.812566,2,1.6642E+12,"Washington, DC",5,WEATHERHAZARD,US,0,HAZARD_ON_SHOULDER_CAR_STOPPED,10,3,26,{3D85ADA7-F34D-292F-256E-9A83082560DA},I-295 N,-77.020945,96e8ec07-9211-494c-8123-205fcc72bcf7
38.9818,0,1.66318E+12,"Washington, DC",0,ROAD_CLOSED,US,,ROAD_CLOSED_EVENT,6,7,0,{E5364F9A-ECA0-4DC0-5615-0D4B80D05AB5},Beach Dr NW,-77.042616,5761fc30-5bc0-4821-bddd-6a8fbace436d
38.867571,4,1.6642E+12,"Arlington, VA",2,WEATHERHAZARD,US,0,HAZARD_ON_SHOULDER_CAR_STOPPED,9,3,43,{3FD01B7B-3598-5EA9-26FA-50387689BA5D},I-395 N Express,-77.048315,6acc975d-e947-41af-a6d4-eea366c12da8
38.860969,0,1.65721E+12,"Arlington, VA",0,ROAD_CLOSED,US,,ROAD_CLOSED_EVENT,7,20,0,{BA5D0EA0-01BA-A6C9-82FA-E66681CA6634},,-77.058813,c9418d8d-b609-4f40-8120-88af56033665
38.803903,0,1.64422E+12,"Alexandria, VA",5,ROAD_CLOSED,US,,ROAD_CLOSED_EVENT,10,17,0,{D266E6F5-2BDF-5506-E712-31AA6E77DF36},Wales Aly,-77.040339,0dc2a2bb-984e-41c3-999f-9a930527ce70
38.907585,2,1.6642E+12,"Washington, DC",5,WEATHERHAZARD,US,,HAZARD_ON_SHOULDER_CAR_STOPPED,10,6,112,{01729668-6F3D-2C50-0006-5240CF8BCCA8},Canal Rd NW,-77.089515,68b13f0c-5ceb-48ec-b263-ed9df6cba971
38.982014,0,1.66318E+12,"Washington, DC",0,ROAD_CLOSED,US,,ROAD_CLOSED_EVENT,6,7,0,{E9A8F04D-C6F5-E919-36D3-7A76342C4F4B},Beach Dr NW,-77.042434,e51e9bf5-761f-4491-9553-62e784f28e01
38.891664,4,1.6642E+12,,5,WEATHERHAZARD,US,,HAZARD_ON_ROAD_CAR_STOPPED,10,3,85,{09C15912-B9A9-B3AE-99B6-A823F8E5FE9D},I-66 E,-77.063547,7a1ca47d-1a7e-4edb-9d91-349ddb5ce6c1
38.899741,0,1.66241E+12,"Washington, DC",0,ROAD_CLOSED,US,,ROAD_CLOSED_EVENT,6,1,0,{937ECE82-758B-F67D-F1CE-EB79A5BD6B2F},Grant Pl NE,-76.950013,ebbc8346-194b-43fd-a0c4-bb6040a2aedd
38.892164,3,1.6642E+12,"Washington, DC",2,WEATHERHAZARD,US,0,HAZARD_ON_ROAD_CONSTRUCTION,9,3,258,{D1979C2A-BF73-D211-B834-7287F2446B86},I-66 W,-77.060887,fbe16dcf-9deb-4f1e-89b2-36d09c38f950
38.957613,0,1.65664E+12,"Washington, DC",0,ROAD_CLOSED,US,,ROAD_CLOSED_EVENT,6,1,0,{DCFE43CD-13E1-86F6-B051-0D1A4B35D976},,-77.001339,be567a58-812a-4130-82c9-8da592dc5b9a
38.908221,3,1.6642E+12,"Washington, DC",0,JAM,US,,JAM_STAND_STILL_TRAFFIC,5,6,247,{D628BD3C-0AC4-3C36-797A-224F30A605A3},New York Ave NE,-77.006681,e0a50f5d-69a7-4cac-83c6-0f4be311f6d4
38.912372,0,1.66006E+12,"Washington, DC",0,ROAD_CLOSED,US,,ROAD_CLOSED_EVENT,6,17,0,{9CEEB930-3461-6503-AB7E-160F270C3541},,-77.074324,bb08bdeb-07f0-4566-ae9d-95d6e616b1b6
38.914413,0,1.65151E+12,"Washington, DC",5,ROAD_CLOSED,US,,ROAD_CLOSED_EVENT,10,1,0,{7F3C95CD-7BC9-B7CC-FBD9-0E6B736A3F6A},3rd St NW,-77.015743,45046332-8e58-43d5-9c4f-829ca1084908
38.912593,0,1.66006E+12,"Washington, DC",0,ROAD_CLOSED,US,,ROAD_CLOSED_EVENT,6,1,0,{68259596-C848-F323-70FE-977DEC6756A1},Tondorf Rd NW,-77.074328,95af3e4f-dd48-46ce-8316-f436bc7970c8
38.882122,5,1.6642E+12,,5,WEATHERHAZARD,US,,HAZARD_ON_SHOULDER_CAR_STOPPED,10,3,294,{58E8CA79-2AA5-C154-994F-43CD216356B4},I-66 W,-77.144882,6e59a07b-96d9-4582-bb93-60f5e86329f3
38.913692,0,1.65151E+12,"Washington, DC",5,ROAD_CLOSED,US,,ROAD_CLOSED_EVENT,10,1,0,{314FDCE8-30A5-DDF2-CE12-C39AEF6BB2E0},3rd St NW,-77.015857,53db91a8-36a4-420e-bc2e-c08691aa99b8
38.875046,0,1.6642E+12,"Washington, DC",0,WEATHERHAZARD,US,,HAZARD_ON_ROAD_CAR_STOPPED,6,1,180,{07ED8C6E-821D-902B-CD3C-B9EE7BFEB6F6},Half St SE,-77.007463,274d82cb-1d25-4fba-84e9-ba4886665291
38.89042,5,1.66419E+12,"Arlington, VA",1,WEATHERHAZARD,US,,HAZARD_ON_ROAD_POT_HOLE,7,1,359,{B48F67C1-D84E-12F6-9403-975D8F953260},N Scott St,-77.080791,21f49ef1-a794-49c0-b1ed-42555f292601
38.876362,0,1.63562E+12,"Washington, DC",5,ROAD_CLOSED,US,,ROAD_CLOSED_EVENT,10,1,0,{43A7C737-9714-67B5-E18A-D65ABAA310A0},Water St SW,-77.020767,7f74494d-4b60-4ac6-be04-7308ce010b1e
38.860582,0,1.65721E+12,"Arlington, VA",1,ROAD_CLOSED,US,,ROAD_CLOSED_EVENT,8,20,0,{A77F5402-A0B6-43DE-0BBC-12A2D02559F1},,-77.058431,3d5890f4-4ef9-45df-9867-7bd37dde0c85
38.844054,0,1.65207E+12,"Alexandria, VA",5,ROAD_CLOSED,US,0,ROAD_CLOSED_EVENT,10,7,0,{20F111AB-D7C3-FA9C-C77A-1A88A4F62F23},W Glebe Rd,-77.077268,25614ff5-6657-4bf5-b0b2-877f8a758e06
38.935083,0,1.65749E+12,"Washington, DC",5,ROAD_CLOSED,US,,ROAD_CLOSED_EVENT,10,7,0,{7082F1D4-D5FA-16DA-1224-FA50DA153CB2},Piney Branch Pkwy NW,-77.047709,72dae780-4a0f-44c3-be8f-46fd59c2511a
38.895037,0,1.66419E+12,"Arlington, VA",5,WEATHERHAZARD,US,,HAZARD_ON_ROAD_CONSTRUCTION,10,6,162,{48898E7C-7B64-0013-86C3-44A283476295},George Washington Memorial Pkwy E,-77.066717,08af2c0f-9173-4e76-ab85-c64ac2e7a86f
38.960466,0,1.66318E+12,"Washington, DC",0,ROAD_CLOSED,US,,ROAD_CLOSED_EVENT,6,7,0,{50DB5662-F90D-1B62-9524-38B257959A31},Joyce Rd NW,-77.042086,56f74a19-c43f-4fb1-a1ed-2aeed4904a6a
38.960769,0,1.66318E+12,"Washington, DC",0,ROAD_CLOSED,US,,ROAD_CLOSED_EVENT,6,7,0,{40554C96-E673-AEAD-61BB-6725ABFA88F0},,-77.042106,4e95fc27-75c4-4bdf-905d-3b17b3cbb6f6
38.910644,4,1.66328E+12,"Washington, DC",0,ROAD_CLOSED,US,,ROAD_CLOSED_CONSTRUCTION,5,1,0,{A0F6ECF9-03FD-1002-92C6-B11CA8D7D3D0},Capitol Ave NE,-76.986278,08331eae-9e82-4747-9830-0e64c0dcf0d2
38.914093,0,1.66251E+12,"Washington, DC",1,ROAD_CLOSED,US,,ROAD_CLOSED_EVENT,8,1,0,{DCB50B91-5CD4-C17D-3081-099A894D1C51},S. St NW,-77.0526,4902b5e1-9ce9-4bd9-ab34-0528074a1606
38.916962,2,1.6642E+12,"Washington, DC",5,WEATHERHAZARD,US,,HAZARD_ON_ROAD_CAR_STOPPED,10,6,274,{765A998C-6CFB-5C0C-1F3D-CEC505D28994},New York Ave NE,-76.960723,8fbc52d7-1bde-4307-b855-0255ef364a3a
38.87404,5,1.6642E+12,"Arlington, VA",0,JAM,US,,JAM_HEAVY_TRAFFIC,5,4,141,{17B8CFE3-BAE8-700F-490D-1CF4DDF148B1},to I-395 S » Richmond,-77.044647,4bcc27be-eb7c-4f4e-84ed-8faf8a1c9e93
38.860952,0,1.64352E+12,"Arlington, VA",0,ROAD_CLOSED,US,,ROAD_CLOSED_EVENT,6,20,0,{DBC1E46A-AA75-9A1D-3E92-1BB4B6FD8103},,-77.058573,3aa6d022-23b3-4716-9d64-b025596a39d7
38.910002,4,1.6642E+12,"Washington, DC",1,ACCIDENT,US,,ACCIDENT_MINOR,9,6,65,{28D35002-8368-CD92-8E33-742E9D03ABA3},New York Ave NE,-77.001238,6672bff3-4dc5-43d2-8f6e-0aff72dbafa4
38.986272,0,1.66318E+12,"Chevy Chase, MD",0,ROAD_CLOSED,US,,ROAD_CLOSED_EVENT,6,7,0,{73844FEA-6333-28DE-7C9F-4C556DB0D739},Beach Dr,-77.053007,7632f0ee-ac74-4182-bc25-a8e024e9dd0a
38.931145,3,1.6642E+12,"Washington, DC",0,JAM,US,,JAM_STAND_STILL_TRAFFIC,5,7,173,{FF21E819-0CDB-3F8E-C7ED-DA3A6FF22D40},Sherman Ave NW,-77.026624,5f7d55e7-86a2-4cde-9303-c77de5db7d88
38.956451,0,1.65664E+12,"Washington, DC",1,ROAD_CLOSED,US,,ROAD_CLOSED_EVENT,8,1,0,{CC24C012-E900-4A23-CA16-D931AB54716A},,-77.001092,1c69eeb1-71be-47af-92dc-74e497e13892
38.917948,3,1.6642E+12,"Washington, DC",0,JAM,US,,JAM_MODERATE_TRAFFIC,5,6,132,{05CAC164-16EE-CE0A-5029-BEED92C71FF5},Massachusetts Ave NW,-77.058584,b2f15b4b-5422-44c0-a7df-625352f7cafd
38.926943,0,1.6642E+12,"Washington, DC",0,WEATHERHAZARD,US,,,6,6,133,{92FAB647-64E8-80E4-FEBF-37F60CD3F908},Massachusetts Ave NW,-77.070885,042b3c6f-8425-46b6-a32d-0828fb3adf52
38.986346,0,1.66318E+12,"Chevy Chase, MD",0,ROAD_CLOSED,US,,ROAD_CLOSED_EVENT,6,7,0,{EFE5B446-48A9-8F88-325C-FEA102BCA52E},Beach Dr,-77.053375,5d592a83-0aec-4876-888d-88eef01fb887
38.910262,0,1.64425E+12,"Washington, DC",5,ROAD_CLOSED,US,,ROAD_CLOSED_EVENT,10,1,0,{44B3F2E4-AE64-E1FE-1F81-6432E692B0FA},19th St NW,-77.043435,85e93e4c-2c39-4909-91d2-1b11e17ae497
38.899744,0,1.66241E+12,"Washington, DC",0,ROAD_CLOSED,US,,ROAD_CLOSED_EVENT,6,1,0,{FC6B24CF-68C0-76B3-BE71-67E89F3FC76F},Burnham Pl NE,-76.948729,9ea04997-f4d6-4c35-b342-27b23eb6532c
38.903658,0,1.6642E+12,"Washington, DC",0,WEATHERHAZARD,US,,,5,1,275,{4076B3E5-F4A1-512E-AFE6-3428EB239D67},Kane Pl NE,-76.935704,ddd4aae8-53f2-418b-96e3-f30a6980f963
38.949837,0,1.66347E+12,"Washington, DC",0,ROAD_CLOSED,US,,ROAD_CLOSED_EVENT,7,1,0,{77A39404-E732-32DB-49FB-6277DD76E1F7},Ross Dr NW,-77.050164,7ac44a4c-f7fb-49b4-86e2-f358c0a4b90d
38.912606,0,1.65662E+12,"Washington, DC",5,ROAD_CLOSED,US,,ROAD_CLOSED_EVENT,10,7,0,{A127E79D-B7D3-0A4C-DF91-3A702D591EAF},R St NW,-77.0199,dccb8961-aaac-4574-9d25-930907de3120
38.879073,3,1.6642E+12,"Washington, DC",1,WEATHERHAZARD,US,,HAZARD_ON_SHOULDER_CAR_STOPPED,8,3,35,{AE6B07F3-749A-43F1-90DF-9444CA88E720},DC-295 N,-76.966001,074976a5-e1fb-4cf0-874e-577ba94ffbb6
38.960663,0,1.66318E+12,"Washington, DC",0,ROAD_CLOSED,US,,ROAD_CLOSED_EVENT,6,7,0,{09A5F1B7-80C7-DCC2-7B36-CD2D4C34D5AB},Joyce Rd NW,-77.041812,215d4f73-d598-4955-b53c-d7cb8c1d23d2
38.836101,0,1.6642E+12,"Washington, DC",0,WEATHERHAZARD,US,,HAZARD_ON_ROAD_CAR_STOPPED,6,1,93,{2C7FF5EA-C981-E10B-9649-6D9D2EB0C730},Wilmington Pl SE,-77.004155,daa272de-ec4d-475a-9bed-9997052a3f2e
38.858532,5,1.6642E+12,"Washington, DC",1,JAM,US,,JAM_STAND_STILL_TRAFFIC,7,7,15,{D30BC1A4-8541-4A8C-DEE6-671B84034036},S Capitol St SE,-77.004583,6b38c7ce-2673-49d6-8a00-9af8d798d1e0
38.843396,0,1.65203E+12,"Alexandria, VA",4,ROAD_CLOSED,US,,ROAD_CLOSED_EVENT,10,7,0,{C97BBE9E-FD09-A3FB-1C43-2B1680587F80},W Glebe Rd,-77.077074,f3d725fc-8654-42a1-a713-2364f5efd067
38.91003,3,1.6642E+12,"Washington, DC",0,WEATHERHAZARD,US,,HAZARD_ON_ROAD_CAR_STOPPED,5,6,65,{7CDE5397-A503-341C-1B93-D9F5C91830D1},New York Ave NE,-77.001156,e36c30eb-18b5-4f57-a4dc-4d9953f0b569
38.87723,0,1.63562E+12,"Washington, DC",5,ROAD_CLOSED,US,,ROAD_CLOSED_EVENT,10,1,0,{D78CCA3F-2E9F-3839-5F44-64EC0EC7934D},,-77.021199,08c2d606-f20f-4283-8809-3e99227f17cf
38.910644,2,1.66371E+12,"Washington, DC",0,ROAD_CLOSED,US,,ROAD_CLOSED_CONSTRUCTION,5,1,0,{47D4B383-CB32-F78D-1B7E-A5BBAACC9A1D},Capitol Ave NE,-76.986278,d85a5c08-68b3-4a30-ba40-ef443b6f1fb7
38.906447,0,1.65574E+12,"Washington, DC",5,ROAD_CLOSED,US,,ROAD_CLOSED_EVENT,10,1,0,{91CCD689-AD77-690A-E7EF-197336F5BCD5},Patterson St NE,-77.005884,09bd1073-ca5b-493b-af4c-142280cae2f2
38.843363,5,1.6642E+12,"Washington, DC",0,JAM,US,,JAM_STAND_STILL_TRAFFIC,6,4,24,{90658C33-292B-3E2D-64AE-2383908BDEB1},Exit 2: Malcolm X Ave / JBAB / Dorothea Dix Ave / DHS,-77.006975,c0b742bd-0dda-4de6-84fd-bec10312c15f
38.860561,0,1.63701E+12,"Arlington, VA",5,ROAD_CLOSED,US,,ROAD_CLOSED_EVENT,10,1,0,{1317B8FD-0583-6320-653B-80BD635D785A},S Elm St,-77.055194,f16cd1f3-99d0-4d00-9645-de549227bb5a
38.926393,0,1.6642E+12,"Washington, DC",0,WEATHERHAZARD,US,,,6,6,313,{EEA9BCC6-920A-022F-793E-75B01613B72B},Massachusetts Ave NW,-77.070136,e98c4ed1-742e-41c1-bc6d-ece906499374
38.937333,3,1.6642E+12,"Washington, DC",0,JAM,US,,JAM_STAND_STILL_TRAFFIC,5,7,89,{BA1D24C5-83C4-E7B4-0A99-1E64BC0451EB},Porter St NW,-77.068219,0c313df8-6316-43ae-9050-ad0e7bbd0105
38.860936,0,1.64352E+12,"Arlington, VA",1,ROAD_CLOSED,US,0,ROAD_CLOSED_EVENT,8,20,0,{1DF06CEB-D5AD-E539-59D0-9823C9AA5706},,-77.058381,f509d77a-572b-49c6-9664-74a190ff2cc0
38.901289,0,1.6642E+12,,0,WEATHERHAZARD,,,,6,,0,{83682DA3-EC06-77C3-52BE-470CAC62AA10},,-77.04864,978347ac-bc7a-4183-8055-660eb9766169
38.860969,0,1.65721E+12,"Arlington, VA",0,ROAD_CLOSED,US,,ROAD_CLOSED_EVENT,6,20,0,{CEC3F9ED-F1E5-D64E-1B41-6E84795BBB67},,-77.058813,7c77978f-37cf-4960-9733-1f3d8ba8e95e
38.860999,0,1.65721E+12,"Arlington, VA",1,ROAD_CLOSED,US,,ROAD_CLOSED_EVENT,9,20,0,{59F1C4B2-EA6F-B16E-7209-114B2B450A22},,-77.059246,1abf2456-d1ca-440a-8e01-059c2aa66fa4
38.912372,0,1.66006E+12,"Washington, DC",0,ROAD_CLOSED,US,,ROAD_CLOSED_EVENT,6,1,0,{12FA6DE5-578B-B5DF-5A4A-8C00809B4A6A},Tondorf Rd NW,-77.074324,adcf5083-8b96-4de4-97cc-9f51664126da
38.892035,0,1.65989E+12,"Washington, DC",2,ROAD_CLOSED,US,0,ROAD_CLOSED_EVENT,10,2,0,{15007CF4-11D2-384A-D62E-11C82A4DAD69},2nd St NE,-77.00351,6da4468b-62a4-48cc-9b0a-eb79ecd46fad
38.866342,2,1.6642E+12,,0,WEATHERHAZARD,US,,HAZARD_ON_SHOULDER_CAR_STOPPED,5,3,66,{39D4741D-37B9-0ADF-1E53-A1B4075A4E80},I-395 Express,-77.065524,8f68317b-7218-4b91-855f-1c0ece3c71a2
38.895451,4,1.6642E+12,"Washington, DC",0,JAM,US,,JAM_MODERATE_TRAFFIC,5,7,243,{E7739C7E-3608-5BE9-74E0-F083B7637611},Maryland Ave NE,-76.995054,5a1db6a1-dc7c-46f0-bd86-abcafe91c856
38.860936,0,1.64352E+12,"Arlington, VA",0,ROAD_CLOSED,US,,ROAD_CLOSED_EVENT,6,20,0,{9E0FC704-CD24-2ED1-96A2-0ED81C8EA87E},,-77.058381,8466e0e9-adc9-4ec9-80db-a7ac408a3fb0
38.860921,0,1.65455E+12,"Arlington, VA",0,ROAD_CLOSED,US,,ROAD_CLOSED_EVENT,7,20,0,{88AA9504-8198-53FC-2846-EC148F86C7ED},,-77.058206,d5f003ed-8167-4365-a314-2acec0bb0abc
38.960529,0,1.66318E+12,"Washington, DC",0,ROAD_CLOSED,US,,ROAD_CLOSED_EVENT,7,7,0,{B3956272-6FFA-FE22-A167-B36F86B4FD1D},Joyce Rd NW,-77.043586,1e1ba9dc-3e13-4f00-81fc-9f8d5b85e865
38.91483,2,1.6642E+12,"Washington, DC",0,JAM,US,,,5,1,90,{2E97DE18-AC35-C2BD-DFC0-C21C1222E436},Swann St NW,-77.035531,efb7b414-17ec-479a-8f58-518bb0d089d0
38.944621,5,1.6642E+12,"Washington, DC",0,WEATHERHAZARD,US,,HAZARD_ON_SHOULDER_CAR_STOPPED,7,7,9,{074EBF35-0163-8895-6AA1-0E698A39D760},Dalecarlia Pkwy NW,-77.103589,a0e559fb-daf4-4318-9132-7c66431f44b7
38.913972,0,1.65151E+12,"Washington, DC",0,ROAD_CLOSED,US,,ROAD_CLOSED_EVENT,6,1,0,{D5163C94-323F-32EA-81D1-BF1014E27C97},3rd St NW,-77.015774,8e8efc20-7a46-4e44-8115-2ec52ca465c6
38.867644,3,1.6642E+12,"Washington, DC",1,JAM,US,0,JAM_STAND_STILL_TRAFFIC,7,6,298,{23A0CDD4-1CA3-1D27-684D-119B9C7DAFAB},Frederick Douglass Br,-77.003434,82c8aa57-0b3c-431a-ac14-67b521025a2b
38.889526,0,1.66419E+12,,5,WEATHERHAZARD,US,,HAZARD_ON_ROAD_CONSTRUCTION,10,3,243,{06F8D7AE-913E-52F1-C8A0-C3ECD4FF167E},I-66 W,-77.108978,d57a51a7-5f68-4357-8117-b228e0c2420f
38.936983,0,1.66374E+12,"Washington, DC",0,ROAD_CLOSED,US,,ROAD_CLOSED_EVENT,6,1,0,{ABC43023-A7E4-EFE5-9539-1642A9AC9629},10th St NW,-77.027196,3f50c9f8-d8d4-420b-93fe-fa72aeff1448
38.957613,0,1.65664E+12,"Washington, DC",1,ROAD_CLOSED,US,,ROAD_CLOSED_EVENT,9,1,0,{285B48DB-1495-A91E-FD81-4FDA041C51CD},,-77.001339,71b4e68d-5867-490d-aba9-cbb4c02c9d3a
38.892016,2,1.66419E+12,"Washington, DC",5,WEATHERHAZARD,US,,HAZARD_ON_ROAD_POT_HOLE,10,7,271,{3BDA72CC-686D-0986-1499-F230103FF755},Constitution Ave NE,-77.001382,ad90fd80-493a-4c72-be15-d7db0085982a
38.935664,0,1.6642E+12,"Washington, DC",0,WEATHERHAZARD,US,,,6,6,313,{36B6714D-7C88-ECAC-FA51-649975E52260},Massachusetts Ave NW,-77.082823,31a7f382-7752-4245-9060-555500d56462
38.911952,3,1.6642E+12,"Washington, DC",0,JAM,US,,JAM_STAND_STILL_TRAFFIC,5,6,246,{3D8B9139-95F4-BEC1-09A1-64995138A0C2},New York Ave NE,-76.995771,ae593821-cf0e-461a-a92f-b163b8618fa9
38.882267,5,1.6642E+12,"Washington, DC",1,WEATHERHAZARD,US,,HAZARD_ON_SHOULDER_CAR_STOPPED,7,3,112,{44202EF9-37EA-B697-857C-CF9228B7A71E},I-695 E,-77.012386,fec4f61b-0c62-4f61-b7e7-fcf56f4a9a9c
38.957791,0,1.65664E+12,"Washington, DC",1,ROAD_CLOSED,US,,ROAD_CLOSED_EVENT,8,1,0,{F931C6CE-6C95-E888-576A-ABC2F4B2BF8B},,-77.001702,030224e1-2aa3-4750-98b3-f7c7379c13e8
38.915565,0,1.65721E+12,"Washington, DC",1,ROAD_CLOSED,US,,ROAD_CLOSED_EVENT,9,2,0,{ACEC6930-13DC-AD45-2D8C-3969C9159DA5},T St NW,-77.01285,d7c7d587-ed25-40d1-a80a-b02254396b5b
38.915651,0,1.6642E+12,,0,WEATHERHAZARD,,,HAZARD_ON_ROAD_CAR_STOPPED,6,,0,{B1DCA236-6C1E-8AC8-E87C-57ECF40D37AD},,-77.00587,958aa7f8-c261-4133-8b50-890265e8df97
38.90645,0,1.65574E+12,"Washington, DC",5,ROAD_CLOSED,US,,ROAD_CLOSED_EVENT,10,1,0,{DF8F614B-1B26-A899-E1E8-2083C5D6AFE2},Patterson St NE,-77.008926,18dc249f-42db-4f2d-be1e-a7d75b1b3bbe
38.960466,0,1.66318E+12,"Washington, DC",0,ROAD_CLOSED,US,,ROAD_CLOSED_EVENT,6,7,0,{AA304E08-D584-88EA-9E09-213DB40AB74D},Joyce Rd NW,-77.042086,1db0e2ab-15f2-4b78-af9d-2b6882a89f99
38.9818,0,1.66318E+12,"Washington, DC",0,ROAD_CLOSED,US,,ROAD_CLOSED_EVENT,6,7,0,{C3C2BEFB-637B-43EF-516B-3C291FA2AE62},Beach Dr NW,-77.042616,2694ce17-ef22-49a7-830d-63cb937d54cc
38.830046,0,1.65547E+12,"Alexandria, VA",2,ROAD_CLOSED,US,,ROAD_CLOSED_EVENT,10,1,0,{ADBFE9D7-1ACF-10BA-042C-9F3A55CF7657},Murrays Ave,-77.053448,7685184f-1f9f-403f-9c84-e8a1d0e04c4f
38.860582,0,1.65721E+12,"Arlington, VA",1,ROAD_CLOSED,US,,ROAD_CLOSED_EVENT,8,20,0,{1A49AA92-225D-C886-D0EB-8B5A99CF0B38},,-77.058431,16e9aa1d-6a44-42b6-b249-f6da4530f184
38.920228,0,1.6376E+12,"Washington, DC",0,ROAD_CLOSED,US,,ROAD_CLOSED_EVENT,6,7,0,{3EB6EEC0-B1B9-8C80-0037-351ACFAFD9A1},4th St NE,-77.000571,b47ca8fc-7cd9-4bf8-9c8d-4353731eb6f5
38.829102,0,1.65547E+12,"Alexandria, VA",1,ROAD_CLOSED,US,,ROAD_CLOSED_EVENT,8,1,0,{2B7C5311-1EED-3743-9285-DD1D71C4EFD9},Murrays Ave,-77.053272,9307d180-a305-45a4-a514-92b3a2bb8922
38.900247,0,1.66241E+12,"Washington, DC",0,ROAD_CLOSED,US,,ROAD_CLOSED_EVENT,7,1,0,{71AC7213-0726-7654-92AD-CCB873EEE14E},Burnham Pl NE,-76.949371,10055fa0-e419-4919-8f0a-69235830da4e
38.89042,5,1.66419E+12,"Arlington, VA",1,WEATHERHAZARD,US,,HAZARD_ON_ROAD_POT_HOLE,7,1,359,{ACE2EF08-505B-166F-9F72-97A06193FAD4},N Scott St,-77.080791,21f49ef1-a794-49c0-b1ed-42555f292601
38.876362,0,1.63562E+12,"Washington, DC",5,ROAD_CLOSED,US,,ROAD_CLOSED_EVENT,10,1,0,{66F87643-6D68-4BE6-C521-9E7E439AFF1F},Water St SW,-77.020767,7f74494d-4b60-4ac6-be04-7308ce010b1e
38.860582,0,1.65721E+12,"Arlington, VA",1,ROAD_CLOSED,US,,ROAD_CLOSED_EVENT,8,20,0,{1613F0F2-D0EC-5603-B6AE-583009AAEE2B},,-77.058431,3d5890f4-4ef9-45df-9867-7bd37dde0c85
38.844054,0,1.65207E+12,"Alexandria, VA",5,ROAD_CLOSED,US,0,ROAD_CLOSED_EVENT,10,7,0,{4049FE5C-E3F7-BCD0-48E3-90113B9A28DB},W Glebe Rd,-77.077268,25614ff5-6657-4bf5-b0b2-877f8a758e06
38.935083,0,1.65749E+12,"Washington, DC",5,ROAD_CLOSED,US,,ROAD_CLOSED_EVENT,10,7,0,{3088E2C0-D8FF-6ECB-4C12-F529F13FE35C},Piney Branch Pkwy NW,-77.047709,72dae780-4a0f-44c3-be8f-46fd59c2511a
38.895037,0,1.66419E+12,"Arlington, VA",5,WEATHERHAZARD,US,,HAZARD_ON_ROAD_CONSTRUCTION,10,6,162,{A67A97D1-85DA-5255-1D9F-1ECFB20A09BC},George Washington Memorial Pkwy E,-77.066717,08af2c0f-9173-4e76-ab85-c64ac2e7a86f
38.960466,0,1.66318E+12,"Washington, DC",0,ROAD_CLOSED,US,,ROAD_CLOSED_EVENT,6,7,0,{92592F9E-9FEA-39F9-C8C0-F479AC21CCE0},Joyce Rd NW,-77.042086,56f74a19-c43f-4fb1-a1ed-2aeed4904a6a
38.960769,0,1.66318E+12,"Washington, DC",0,ROAD_CLOSED,US,,ROAD_CLOSED_EVENT,6,7,0,{CA59E49C-0539-535F-A8ED-8206B04A4BF6},,-77.042106,4e95fc27-75c4-4bdf-905d-3b17b3cbb6f6
38.910644,4,1.66328E+12,"Washington, DC",0,ROAD_CLOSED,US,,ROAD_CLOSED_CONSTRUCTION,5,1,0,{FBED2FFF-7E6F-0168-2E2E-7E855B1D6C57},Capitol Ave NE,-76.986278,08331eae-9e82-4747-9830-0e64c0dcf0d2
38.914093,0,1.66251E+12,"Washington, DC",1,ROAD_CLOSED,US,,ROAD_CLOSED_EVENT,8,1,0,{A404BBD2-4EA6-5B88-85A3-26363A8E9D3B},S. St NW,-77.0526,4902b5e1-9ce9-4bd9-ab34-0528074a1606
38.916962,2,1.6642E+12,"Washington, DC",5,WEATHERHAZARD,US,,HAZARD_ON_ROAD_CAR_STOPPED,10,6,274,{5FB676AB-4361-38A0-4A64-5B457646CF35},New York Ave NE,-76.960723,8fbc52d7-1bde-4307-b855-0255ef364a3a
38.87404,5,1.6642E+12,"Arlington, VA",0,JAM,US,,JAM_HEAVY_TRAFFIC,5,4,141,{6CFBCB58-6944-BDAA-E51A-C4AD6C2F164E},to I-395 S » Richmond,-77.044647,4bcc27be-eb7c-4f4e-84ed-8faf8a1c9e93
38.900204,5,1.6642E+12,"Washington, DC",0,JAM,US,,JAM_HEAVY_TRAFFIC,5,6,271,{2843389B-779B-323B-8869-2FCEED31E57D},H St NE,-77.000073,af90f033-5a34-4501-a371-46020d934a89
38.860952,0,1.64352E+12,"Arlington, VA",0,ROAD_CLOSED,US,,ROAD_CLOSED_EVENT,6,20,0,{C4960AEC-DAEF-ACD2-03DA-66984A14246B},,-77.058573,3aa6d022-23b3-4716-9d64-b025596a39d7
38.976596,0,1.66318E+12,"Washington, DC",0,ROAD_CLOSED,US,,ROAD_CLOSED_EVENT,6,7,0,{08824A04-3D49-C82C-A090-F4B6ED91D0FB},Beach Dr NW,-77.04148,f324b4d5-c385-473e-87a5-7dea8094ec85
38.878941,4,1.6642E+12,"Washington, DC",0,JAM,US,,JAM_HEAVY_TRAFFIC,5,4,78,{DA4D6768-E90D-D88A-7F45-517288425F80},to I-395 N » Capitol Hill,-77.037818,abb2d737-4572-4f6e-9b57-1efdc143b31c
38.894402,3,1.6642E+12,,0,JAM,US,,JAM_STAND_STILL_TRAFFIC,5,3,168,{607830FE-0E24-23C4-86D6-189A15605249},I-66 E,-77.067839,29f2885c-aa99-440e-925e-f52a8337ea61
38.857561,0,1.66056E+12,"Arlington, VA",5,WEATHERHAZARD,US,0,HAZARD_ON_ROAD_CONSTRUCTION,10,6,251,{F304164C-ABFA-9017-1FF2-80D9496A95AB},Columbia Pike,-77.105576,13543126-fbaf-41ac-8117-499b743f52d3
38.956233,0,1.65664E+12,"Washington, DC",2,ROAD_CLOSED,US,,ROAD_CLOSED_EVENT,10,1,0,{B628FD04-5801-DADF-4EA1-A9701F9212B7},,-77.001389,a39b99b0-0079-49ec-bc19-81bde7ea5155
38.938349,0,1.6642E+12,"Washington, DC",0,WEATHERHAZARD,US,,,6,6,152,{0AD75560-B526-7EF3-21AC-01A04C7C5754},Massachusetts Ave NW,-77.086518,2c2a6da3-cc5f-48aa-8475-a6898110f30b
38.902402,3,1.6642E+12,"Washington, DC",0,JAM,US,,JAM_STAND_STILL_TRAFFIC,5,1,97,{10E347A7-4FFB-C4DF-DE30-3000AE3331D2},K St NW,-77.051105,ceaffe29-7548-4042-b34f-d8f0e9ce52d6
38.877789,4,1.6642E+12,"Washington, DC",0,ACCIDENT,US,,ACCIDENT_MINOR,6,3,313,{C9908357-EF7F-F223-660E-B987C02E9573},I-695 W,-76.991287,821589b5-e089-420e-81f2-e177daf71ab4
38.913972,0,1.65151E+12,"Washington, DC",4,ROAD_CLOSED,US,,ROAD_CLOSED_EVENT,10,1,0,{62CD4BBA-FA34-254B-0D89-A029681B2BC1},3rd St NW,-77.015774,baebf4ee-66c9-4cbd-983b-4136d8777f94
38.983647,0,1.66318E+12,"Washington, DC",0,ROAD_CLOSED,US,,ROAD_CLOSED_EVENT,6,7,0,{F318A630-60EE-1AFA-57BD-7627558E8F93},Beach Dr NW,-77.042859,e7928a03-7ede-45b1-9491-63f0ce618b8d
38.976337,3,1.6642E+12,"Washington, DC",0,JAM,US,,JAM_MODERATE_TRAFFIC,5,7,324,{436F7D67-BD68-FD37-656B-8BDE499E2508},Blair Rd NW,-77.02036,5996d45c-466d-4e31-ae5d-244f231c98e7
38.928562,2,1.6642E+12,"Washington, DC",0,JAM,US,,JAM_HEAVY_TRAFFIC,5,7,277,{4856184C-DE54-C44E-E220-89250F3A4990},Michigan Ave NW,-77.019026,91e0d46e-d116-4c15-a389-9040d45d5292
38.877064,0,1.63562E+12,"Washington, DC",0,ROAD_CLOSED,US,,ROAD_CLOSED_EVENT,6,1,0,{EFDAA319-DF42-71F9-E168-45C2E9DD9F59},Water St SW,-77.021446,845cb7c2-ff13-49b0-b229-71669a66b5ad
38.799705,2,1.6642E+12,"Alexandria, VA",1,WEATHERHAZARD,US,,HAZARD_ON_ROAD_CONSTRUCTION,8,6,190,{6EA02BAE-1F8C-77DD-BCBD-9DE4EEB76790},S Washington St,-77.048112,c7d1f8d1-29b7-4447-ad24-aa5443e9f1ac
38.91343,3,1.6642E+12,,0,WEATHERHAZARD,,,HAZARD_ON_ROAD_CAR_STOPPED,5,1,0,{DFFE9CC1-86D0-EB9C-466E-8B26883705ED},,-76.990925,4eda5675-259e-4560-b000-2ce247df769e
38.937211,0,1.65754E+12,"Washington, DC",3,ROAD_CLOSED,US,,ROAD_CLOSED_EVENT,10,7,0,{FD418B58-776B-9C9F-3774-982757A2EF00},Piney Branch Pkwy NW,-77.038621,02c38d4f-609d-437a-a1f4-73e674bb0488
38.956451,0,1.65664E+12,"Washington, DC",0,ROAD_CLOSED,US,,ROAD_CLOSED_EVENT,6,1,0,{2E97F102-CA9D-633C-83DE-C68AC9B4E3F7},,-77.001092,a1ec22e8-9149-4198-acc8-ec531cc5de98
38.921005,0,1.6376E+12,"Washington, DC",0,ROAD_CLOSED,US,,ROAD_CLOSED_EVENT,7,7,0,{AC43296B-7B32-459A-9B14-A643A3433054},4th St NE,-77.000567,8e3d9bdb-888e-4ef2-b7e3-eff836591746
38.912186,0,1.66006E+12,"Washington, DC",1,ROAD_CLOSED,US,,ROAD_CLOSED_EVENT,8,1,0,{175181FE-F4C3-AB80-46DB-6E9AF02ED1F7},Tondorf Rd NW,-77.074165,28545656-218a-4597-ad34-fcfa5a9bac99
38.891441,0,1.66155E+12,"Arlington, VA",1,ROAD_CLOSED,US,,ROAD_CLOSED_EVENT,8,1,0,{39169CC0-4966-F962-B4FF-C6854F06D210},N Uhle St,-77.084842,25356111-113f-42dd-ae18-45275f7275e1
38.899237,0,1.66241E+12,"Washington, DC",0,ROAD_CLOSED,US,,ROAD_CLOSED_EVENT,6,1,0,{1A3ECAE2-0FEC-4044-4D3E-BD9A685EDC07},Grant Pl NE,-76.949373,10d4cd2a-7b39-4b56-a078-8054551dfd63
38.935626,0,1.66374E+12,"Washington, DC",0,ROAD_CLOSED,US,,ROAD_CLOSED_EVENT,6,1,0,{C79435FC-D76A-C46C-729C-21522C56ACA5},10th St NW,-77.027204,5fa2fe12-f8bb-43e9-8aed-64a3c7abfe68
38.893192,0,1.65989E+12,"Washington, DC",0,ROAD_CLOSED,US,,ROAD_CLOSED_EVENT,6,2,0,{011F1AD7-629B-23A3-EE3F-DBED5ED3EF43},2nd St NE,-77.003516,716f3a03-5715-40d8-bc52-7d26d123905c
38.986272,0,1.66318E+12,"Washington, DC",0,ROAD_CLOSED,US,,ROAD_CLOSED_EVENT,6,7,0,{67A9B9B3-270C-5B0A-EE57-A5080FAF6FE6},Beach Dr NW,-77.053007,6bde5ab3-dac1-4641-b134-5be62d39d929
38.918109,2,1.6642E+12,"Washington, DC",1,JAM,US,0,JAM_HEAVY_TRAFFIC,7,6,240,{36B47084-1723-09EE-9A92-27D601BE7674},New York Ave NE,-76.955499,1b2429df-7246-40ed-b712-14e7de88d93f
38.793071,3,1.66419E+12,,5,ACCIDENT,US,0,ACCIDENT_MINOR,10,3,96,{E6BB3EBB-0B77-6272-3B07-B5E004A39B0D},I-95 N • I-495 E Thru,-77.046352,921a60ba-99f8-40a6-8245-de0c8ceae38b
38.877732,2,1.6642E+12,"Washington, DC",0,WEATHERHAZARD,US,,HAZARD_ON_SHOULDER_CAR_STOPPED,5,6,289,{99CA5E64-F53F-EB98-1A43-64F111D51883},Southeast Blvd,-76.990497,cd84763f-8b2e-46d2-b3b7-fb388b33579d
38.929587,5,1.6642E+12,"Washington, DC",0,JAM,US,,JAM_STAND_STILL_TRAFFIC,5,7,0,{FD9B4F35-4CA5-AA8E-6E1B-584EB28C30F4},13th St NW,-77.029709,a1146cfd-ef6d-468f-8f46-e314081d33a9
38.956332,3,1.6642E+12,"Washington, DC",1,WEATHERHAZARD,US,,HAZARD_ON_ROAD_CAR_STOPPED,7,6,310,{44204E94-AC75-702D-6F67-EBEB77FE603D},South Dakota Ave NE,-77.001538,ad23aa85-d04e-4353-a69c-76e38f716298
38.860952,0,1.64352E+12,"Arlington, VA",1,ROAD_CLOSED,US,,ROAD_CLOSED_EVENT,9,20,0,{7A671739-5322-6CB9-BCDC-9A59C4538EB6},,-77.058573,a16ed36c-1846-451e-a804-d27e71b36019
38.845451,3,1.6642E+12,"Arlington, VA",0,WEATHERHAZARD,US,,HAZARD_ON_ROAD_CAR_STOPPED,5,4,356,{3D2456AD-5A02-E5ED-8EDE-0E542B5BFE75},to I-395 N » Washington,-77.079808,38f38751-0137-4562-96f5-19e0ca7bdaa6
38.947514,5,1.6642E+12,"Washington, DC",2,WEATHERHAZARD,US,,HAZARD_ON_ROAD_CONSTRUCTION,9,7,34,{EEA4FF79-7538-F97D-45E2-1005672745D4},Dalecarlia Pkwy NW,-77.102142,2a1c82d5-e382-455d-8036-c3841b811bf5
38.914043,0,1.66251E+12,"Washington, DC",0,ROAD_CLOSED,US,,ROAD_CLOSED_EVENT,7,1,0,{CCABDC60-1477-19F4-141E-AB2FDE62E8CB},S. St NW,-77.053247,ee1f49f4-6ee8-4873-96f3-c4ee5f372c8c
38.910245,3,1.66419E+12,"Washington, DC",5,WEATHERHAZARD,US,,HAZARD_ON_ROAD_CONSTRUCTION,10,6,113,{A0447AF9-F9CE-D888-E525-77F211828F13},Massachusetts Ave NW,-77.045183,50800afe-7f41-4fd4-a188-ab0516c62b03
38.876472,4,1.6642E+12,"Washington, DC",1,JAM,US,0,JAM_HEAVY_TRAFFIC,8,6,0,{8475FF64-9B29-637B-69A8-57512F03AC87},S Capitol St SE,-77.009024,7dd56a0b-b357-4c3f-a0df-f34c5deccaac
38.877064,0,1.63562E+12,"Washington, DC",5,ROAD_CLOSED,US,,ROAD_CLOSED_EVENT,10,1,0,{A17CDF67-00E8-271A-D140-1C8327FFA2A1},,-77.021446,cd571d2f-8230-44aa-ae32-bcfb53951fbb
38.877064,0,1.63562E+12,"Washington, DC",0,ROAD_CLOSED,US,,ROAD_CLOSED_EVENT,6,1,0,{E8D18DC2-7C96-4553-B804-AEB226071C31},Water St SW,-77.021446,f747bd88-fc6b-4eaf-84c2-b82f76f928b4
38.960373,0,1.66318E+12,"Washington, DC",0,ROAD_CLOSED,US,,ROAD_CLOSED_EVENT,6,7,0,{AAB593AF-53A3-BC77-38C4-2D65DCB2BB15},Joyce Rd NW,-77.043149,217d8c88-f83f-4fdb-91fb-b1b87259c990
38.859815,0,1.63701E+12,"Arlington, VA",5,ROAD_CLOSED,US,0,ROAD_CLOSED_EVENT,10,1,0,{EDF888CD-70DC-C466-D487-329DEDC6CF6C},S Elm St,-77.055026,3804f259-22a4-43cc-9225-dc91d5188af2
38.892593,5,1.6642E+12,"Washington, DC",2,WEATHERHAZARD,US,,HAZARD_ON_ROAD_CAR_STOPPED,10,6,0,{6EF8D964-E005-F6E4-49E5-9B9DF57345DD},14th St NW,-77.031945,f8cf38b5-ca8d-4d18-b90f-86882acd3284
38.96197,3,1.66419E+12,"Washington, DC",5,WEATHERHAZARD,US,0,HAZARD_ON_ROAD_CAR_STOPPED,10,6,262,{839E4514-60F9-2C0C-8B46-25496CB52050},Military Rd NW,-77.051582,48eca717-59f7-46dd-a816-dc6102fd150a
38.961504,2,1.6642E+12,"Washington, DC",0,JAM,US,,JAM_STAND_STILL_TRAFFIC,5,6,235,{8BDE9ECB-5C47-99EE-AFC6-440FE7FE22C2},Military Rd NW,-77.043289,c3682507-9176-42c4-9bca-d7a7ca06e89b
38.911075,0,1.6642E+12,"Washington, DC",0,WEATHERHAZARD,US,,HAZARD_ON_ROAD_CAR_STOPPED,6,6,0,{50816599-16F0-EE84-6CF5-0A317D5C1451},6th St NW,-77.019901,fcfaeb26-0c49-4238-9c07-99bb6f52755b
38.857651,0,1.66174E+12,"Arlington, VA",1,ROAD_CLOSED,US,,ROAD_CLOSED_EVENT,8,2,0,{AC9E008C-5587-EE08-2272-EDCA3BAF6AB7},S Bell St,-77.051149,a96d4d88-9a7f-4c26-a52d-54c913f84fb7
38.975752,0,1.66318E+12,"Washington, DC",0,ROAD_CLOSED,US,,ROAD_CLOSED_EVENT,6,7,0,{2E12865C-EFEA-8754-A496-BE7C52F55552},Beach Dr NW,-77.040708,5c6e266d-9283-4f00-afd3-0686bded5be3
38.836403,0,1.6642E+12,"Washington, DC",0,WEATHERHAZARD,US,,HAZARD_ON_ROAD_CAR_STOPPED,6,2,10,{CF38FC09-CC38-F7DE-F2C9-5D0B94D4F5BB},4th St SE,-77.000729,577e0fd2-5940-420b-9683-47a247d67c77
38.914651,3,1.6642E+12,"Washington, DC",0,JAM,US,,JAM_HEAVY_TRAFFIC,5,4,179,{6AF6AD59-5473-7F1F-AF4C-01BD7EB8E0BD},N Capitol St NW Service Rd,-77.009185,56582bd1-4dd2-41df-9337-22d7528c5f50
38.9741,3,1.6642E+12,"Washington, DC",0,JAM,US,,JAM_MODERATE_TRAFFIC,5,7,319,{F795645F-0303-731F-D08E-B9B42EFC15EA},Blair Rd NW,-77.017595,770c5fba-5eb1-4668-bcad-e76af79fa0e5
38.928195,2,1.6642E+12,"Washington, DC",0,WEATHERHAZARD,US,,HAZARD_ON_ROAD_CONSTRUCTION,5,7,171,{829E0507-AD0A-358B-1DEF-B184F96D5764},Sherman Ave NW,-77.026156,3c624bbe-498f-4996-8bc0-9119cceaea62
38.961881,4,1.6642E+12,"Washington, DC",0,WEATHERHAZARD,US,,HAZARD_ON_ROAD_POT_HOLE,5,6,359,{0CC361DD-6C3B-653C-465D-65809A113A20},Military Rd NW,-77.052121,0cbd79e9-01bb-4803-aa6d-b81cb476e06e
38.900968,0,1.6642E+12,"Washington, DC",0,WEATHERHAZARD,US,,HAZARD_ON_ROAD_CAR_STOPPED,6,2,359,{2E27002F-1643-9B7B-3899-92FAF444B3A2},22nd St NW,-77.048825,e002f6c5-b135-4d0b-a64f-6acb8683e56d
38.852479,0,1.6642E+12,"Washington, DC",0,WEATHERHAZARD,US,,HAZARD_ON_ROAD_CAR_STOPPED,6,1,183,{1CC9151D-DF76-D617-8998-980FFD22FDAB},20th St SE,-76.976254,37d7a2a9-27d1-44de-ba8b-7325139e5d08
38.874636,0,1.66359E+12,"Washington, DC",0,ROAD_CLOSED,US,,ROAD_CLOSED_EVENT,6,1,0,{A1DAF31D-65D9-9187-2C31-E29B9B4E7603},N. St SE,-77.004773,09f5db69-a8cc-41f4-b045-63fe8f550264
38.927684,2,1.6642E+12,"Washington, DC",0,JAM,US,,JAM_HEAVY_TRAFFIC,5,7,268,{67258308-8F43-AADA-1B3B-0FB4818D3CB7},Columbia Rd NW,-77.0285,a8506d55-add2-48ef-881a-363e707fb8c8
38.860936,0,1.64352E+12,"Arlington, VA",1,ROAD_CLOSED,US,,ROAD_CLOSED_EVENT,8,20,0,{3DCE70D4-E6FD-47B1-9D23-2A99484A6050},,-77.058381,339f5e35-8d5f-4840-ae28-74a87fc6dbdc
38.911129,0,1.64425E+12,"Washington, DC",5,ROAD_CLOSED,US,0,ROAD_CLOSED_EVENT,10,1,0,{83CBE28C-1926-5ABB-5D3E-09F30A46886F},19th St NW,-77.043435,3a62baf5-5683-41f3-b851-0ce03283d906
38.902589,3,1.6642E+12,"Washington, DC",0,ACCIDENT,US,,ACCIDENT_MINOR,5,6,286,{5077DBD8-BF9D-8652-F290-255556A949B9},K St NW,-77.056253,de480fe4-5e04-4680-bdd4-9e5a09c75d41
38.919813,0,1.6376E+12,"Washington, DC",5,ROAD_CLOSED,US,,ROAD_CLOSED_EVENT,10,7,0,{2E9C8BBF-9634-F7A1-A565-37B32D7BACD8},4th St NE,-77.00057,ca6d1c2e-7445-48e3-997f-cd29306c12c2
38.910336,4,1.6642E+12,"Washington, DC",0,JAM,US,,JAM_STAND_STILL_TRAFFIC,5,6,247,{47D3C034-6704-B8E8-D9A9-93FF130AF253},New York Ave NE,-77.000726,26dec3cb-3dbe-4ccf-ad26-533da6764b90
38.889539,5,1.6642E+12,,5,WEATHERHAZARD,US,,HAZARD_ON_SHOULDER_CAR_STOPPED,10,3,254,{DDB4523C-5C8D-1600-EB38-4A3B874557CB},I-66 W,-77.108927,f7805ce3-7dd4-408c-a223-dd12e72e4817
38.878014,0,1.63562E+12,"Washington, DC",5,ROAD_CLOSED,US,,ROAD_CLOSED_EVENT,10,1,0,{381A6B07-5FC0-B9FF-551B-3F5157233C35},Water St SW,-77.022758,c1723066-d381-491d-9de2-c2ffc52bd442
38.96005,0,1.66347E+12,"Washington, DC",0,ROAD_CLOSED,US,,ROAD_CLOSED_EVENT,6,1,0,{132E56DE-6FD1-E9B9-79C6-0F2D91E03B52},Ross Dr NW,-77.043609,96cbd946-e793-4204-9122-8f8780819bc0
38.960373,0,1.66318E+12,"Washington, DC",0,ROAD_CLOSED,US,,ROAD_CLOSED_EVENT,6,7,0,{D25F0129-B223-4E66-AF87-FE42A17FD441},Joyce Rd NW,-77.043149,58db5fbf-dc16-43fb-ac57-86476bdb4f44
38.976596,0,1.66318E+12,"Washington, DC",0,ROAD_CLOSED,US,,ROAD_CLOSED_EVENT,6,7,0,{969C7D07-6278-5441-DAC7-75828D36FB45},Beach Dr NW,-77.04148,241c77da-1b07-4fe2-bbdc-5dad5f295093
38.940179,0,1.65754E+12,"Washington, DC",4,ROAD_CLOSED,US,,ROAD_CLOSED_EVENT,10,7,0,{9E55988D-C2C7-B930-B2A4-1978C5EBD232},Piney Branch Pkwy NW,-77.035063,00b69e65-05ad-4a71-a4ff-305198cc1a3d
38.873023,3,1.6642E+12,"Washington, DC",0,JAM,US,,JAM_HEAVY_TRAFFIC,5,3,37,{D27B7FAA-EFD0-3225-C72A-E3F3D31B852B},I-395 N,-77.042303,39eac561-dca5-4ccb-b380-6663660ee6d1
38.927614,2,1.6642E+12,"Washington, DC",0,JAM,US,,JAM_HEAVY_TRAFFIC,5,7,268,{B33105E0-D36F-36D4-8FF5-BC4A83332868},Columbia Rd NW,-77.03036,fb1b5813-65d1-4f45-9785-8991426b8753
38.964901,2,1.6642E+12,"Washington, DC",0,WEATHERHAZARD,US,,HAZARD_ON_ROAD_CAR_STOPPED,5,2,90,{8912E96A-6C09-7602-6829-324A55029274},Nevada Ave NW,-77.070056,102908a5-97cb-46bb-b2cc-2467e45f20e1
38.874638,0,1.66359E+12,"Washington, DC",0,ROAD_CLOSED,US,,ROAD_CLOSED_EVENT,6,1,0,{0DEC6B02-10AA-A4EB-1094-7BDB421C80D0},N. St SE,-77.005892,7ba454e2-91c2-46a8-ba4d-0dd76e2932ea
38.894443,3,1.6642E+12,"Washington, DC",0,WEATHERHAZARD,US,,HAZARD_ON_ROAD_CONSTRUCTION,5,6,181,{36827EEB-004F-4DEC-0D39-7353D80DFC91},23rd St NW,-77.050131,e11104b4-adff-4ef7-bfd3-32c41d24a2b0
38.860952,0,1.64352E+12,"Arlington, VA",1,ROAD_CLOSED,US,,ROAD_CLOSED_EVENT,8,20,0,{04588D5C-9D8F-6EC3-AC6D-ED1F42297029},,-77.058573,06297104-48ce-430f-aff7-022ae225bcd7
38.892035,4,1.6642E+12,"Washington, DC",0,ROAD_CLOSED,US,,ROAD_CLOSED_CONSTRUCTION,5,2,312,{F21E825D-73AD-0875-BD59-AEBD237E7820},2nd St NE,-77.003511,b270596a-a4ae-4246-b337-88d980f6efcf
38.857924,0,1.66052E+12,"Arlington, VA",4,ROAD_CLOSED,US,0,ROAD_CLOSED_EVENT,10,1,0,{C6EBBE17-98A3-1491-5FCD-F185259C2C37},S Thomas St,-77.104298,095a8e53-2151-414f-a98c-17595ff34eba
38.812566,2,1.6642E+12,"Washington, DC",5,WEATHERHAZARD,US,0,HAZARD_ON_SHOULDER_CAR_STOPPED,10,3,26,{EB01A1D3-5584-4252-A2DA-97C9A5107AF1},I-295 N,-77.020945,96e8ec07-9211-494c-8123-205fcc72bcf7
38.9818,0,1.66318E+12,"Washington, DC",0,ROAD_CLOSED,US,,ROAD_CLOSED_EVENT,6,7,0,{2079C275-206F-255B-E742-B4E7AD1AFD92},Beach Dr NW,-77.042616,5761fc30-5bc0-4821-bddd-6a8fbace436d
38.867571,4,1.6642E+12,"Arlington, VA",2,WEATHERHAZARD,US,0,HAZARD_ON_SHOULDER_CAR_STOPPED,9,3,43,{6180C26C-6B00-900D-C0A6-5FC206657C26},I-395 N Express,-77.048315,6acc975d-e947-41af-a6d4-eea366c12da8
38.860969,0,1.65721E+12,"Arlington, VA",0,ROAD_CLOSED,US,,ROAD_CLOSED_EVENT,7,20,0,{D88FB5CC-0584-BD27-8789-0214568C23F6},,-77.058813,c9418d8d-b609-4f40-8120-88af56033665
38.938324,0,1.6642E+12,"Washington, DC",0,WEATHERHAZARD,US,,,6,6,289,{2AB3214C-764A-545A-8D67-D515868B17BE},Massachusetts Ave NW,-77.086308,cea57529-5939-4e1c-adf4-2a2c51ff88f0
38.803903,0,1.64422E+12,"Alexandria, VA",5,ROAD_CLOSED,US,,ROAD_CLOSED_EVENT,10,17,0,{48BAE143-8937-84BF-C479-DCDE04362DEB},Wales Aly,-77.040339,0dc2a2bb-984e-41c3-999f-9a930527ce70
38.907585,2,1.6642E+12,"Washington, DC",5,WEATHERHAZARD,US,,HAZARD_ON_SHOULDER_CAR_STOPPED,10,6,112,{FAD5CB46-74DA-6D47-CCDF-EA354E81A90A},Canal Rd NW,-77.089515,68b13f0c-5ceb-48ec-b263-ed9df6cba971
38.982014,0,1.66318E+12,"Washington, DC",0,ROAD_CLOSED,US,,ROAD_CLOSED_EVENT,6,7,0,{E3DBF5BE-362D-1F4E-8C00-E87E877D47B9},Beach Dr NW,-77.042434,e51e9bf5-761f-4491-9553-62e784f28e01
38.891664,4,1.6642E+12,,5,WEATHERHAZARD,US,,HAZARD_ON_ROAD_CAR_STOPPED,10,3,85,{391A6749-C63C-7971-C0D7-ACD697EEFC84},I-66 E,-77.063547,7a1ca47d-1a7e-4edb-9d91-349ddb5ce6c1
38.899741,0,1.66241E+12,"Washington, DC",0,ROAD_CLOSED,US,,ROAD_CLOSED_EVENT,6,1,0,{D08CD1AE-A352-341D-0A30-AD2A6BD351ED},Grant Pl NE,-76.950013,ebbc8346-194b-43fd-a0c4-bb6040a2aedd
38.892164,3,1.6642E+12,"Washington, DC",2,WEATHERHAZARD,US,0,HAZARD_ON_ROAD_CONSTRUCTION,9,3,258,{6D80F321-2016-7D61-62D5-85FEBC4DC0F5},I-66 W,-77.060887,fbe16dcf-9deb-4f1e-89b2-36d09c38f950
38.957613,0,1.65664E+12,"Washington, DC",0,ROAD_CLOSED,US,,ROAD_CLOSED_EVENT,6,1,0,{9AABCE92-F2CE-DC9A-FDCE-E4CDF2BB996D},,-77.001339,be567a58-812a-4130-82c9-8da592dc5b9a
38.908015,3,1.6642E+12,"Washington, DC",0,JAM,US,0,JAM_STAND_STILL_TRAFFIC,6,6,247,{D0397FEE-8396-2AD7-BAF5-D42C6C58AB3B},New York Ave NE,-77.007295,e0a50f5d-69a7-4cac-83c6-0f4be311f6d4
38.912372,0,1.66006E+12,"Washington, DC",0,ROAD_CLOSED,US,,ROAD_CLOSED_EVENT,6,17,0,{DE846715-63CA-247F-58A9-EE3D28B3E476},,-77.074324,bb08bdeb-07f0-4566-ae9d-95d6e616b1b6
38.914413,0,1.65151E+12,"Washington, DC",5,ROAD_CLOSED,US,,ROAD_CLOSED_EVENT,10,1,0,{30911466-3C68-691D-9AEB-41E5B2E1922B},3rd St NW,-77.015743,45046332-8e58-43d5-9c4f-829ca1084908
38.838778,0,1.6642E+12,"Washington, DC",0,WEATHERHAZARD,US,,,6,2,0,{4364B199-5B97-D6E4-1BC3-544D871E8548},4th St SE,-77.000573,4a6ef469-5e0e-41b7-a329-c76d858fc5fe
38.912593,0,1.66006E+12,"Washington, DC",0,ROAD_CLOSED,US,,ROAD_CLOSED_EVENT,6,1,0,{481C42A8-26EE-08D7-C04F-05B000B4ED76},Tondorf Rd NW,-77.074328,95af3e4f-dd48-46ce-8316-f436bc7970c8
38.882122,5,1.6642E+12,,5,WEATHERHAZARD,US,,HAZARD_ON_SHOULDER_CAR_STOPPED,10,3,294,{D4ECC66F-153D-E475-3958-5D1247CD0627},I-66 W,-77.144882,6e59a07b-96d9-4582-bb93-60f5e86329f3
38.913692,0,1.65151E+12,"Washington, DC",5,ROAD_CLOSED,US,,ROAD_CLOSED_EVENT,10,1,0,{3181DD3D-8CDD-DDBD-3745-939C0C599457},3rd St NW,-77.015857,53db91a8-36a4-420e-bc2e-c08691aa99b8
38.910002,4,1.6642E+12,"Washington, DC",1,ACCIDENT,US,,ACCIDENT_MINOR,9,6,65,{58B9F13D-5FEB-387C-D518-5F831772366A},New York Ave NE,-77.001238,6672bff3-4dc5-43d2-8f6e-0aff72dbafa4
38.986272,0,1.66318E+12,"Chevy Chase, MD",0,ROAD_CLOSED,US,,ROAD_CLOSED_EVENT,6,7,0,{9051D8B9-B308-0A35-94C3-098B1F5E2C89},Beach Dr,-77.053007,7632f0ee-ac74-4182-bc25-a8e024e9dd0a
38.931145,3,1.6642E+12,"Washington, DC",0,JAM,US,,JAM_STAND_STILL_TRAFFIC,5,7,173,{079847BD-941C-EBE3-B04A-80F620DA6925},Sherman Ave NW,-77.026624,5f7d55e7-86a2-4cde-9303-c77de5db7d88
38.956451,0,1.65664E+12,"Washington, DC",1,ROAD_CLOSED,US,,ROAD_CLOSED_EVENT,8,1,0,{479034DE-8ABA-FE76-9E4C-790616BC3DB5},,-77.001092,1c69eeb1-71be-47af-92dc-74e497e13892
38.917948,3,1.6642E+12,"Washington, DC",0,JAM,US,,JAM_MODERATE_TRAFFIC,5,6,132,{70A9EC98-B9D9-AF43-EC4C-1654F92F44AB},Massachusetts Ave NW,-77.058584,b2f15b4b-5422-44c0-a7df-625352f7cafd
38.986346,0,1.66318E+12,"Chevy Chase, MD",0,ROAD_CLOSED,US,,ROAD_CLOSED_EVENT,6,7,0,{8D65198D-5499-F64B-C63E-BD884BF2E215},Beach Dr,-77.053375,5d592a83-0aec-4876-888d-88eef01fb887
38.910262,0,1.64425E+12,"Washington, DC",5,ROAD_CLOSED,US,,ROAD_CLOSED_EVENT,10,1,0,{2C4BC636-0766-4C85-CB26-01ED77C86AD7},19th St NW,-77.043435,85e93e4c-2c39-4909-91d2-1b11e17ae497
38.936071,0,1.6642E+12,"Washington, DC",0,WEATHERHAZARD,US,,,6,6,133,{5EE97379-F5BA-3427-1D57-6DAB4D29997A},Massachusetts Ave NW,-77.083379,98f34bed-1e79-4c4e-91ca-65a8872c6817
38.899744,0,1.66241E+12,"Washington, DC",0,ROAD_CLOSED,US,,ROAD_CLOSED_EVENT,6,1,0,{8EBD10FD-7969-04A0-E7F2-938464FFE0CD},Burnham Pl NE,-76.948729,9ea04997-f4d6-4c35-b342-27b23eb6532c
38.903658,0,1.6642E+12,"Washington, DC",0,WEATHERHAZARD,US,,,5,1,275,{6A50FAAD-D7E1-8347-2AE9-1A43D99EEA40},Kane Pl NE,-76.935704,ddd4aae8-53f2-418b-96e3-f30a6980f963
38.949837,0,1.66347E+12,"Washington, DC",0,ROAD_CLOSED,US,,ROAD_CLOSED_EVENT,7,1,0,{9CF83A86-2FB5-7C63-9BDB-1FB2BDD30210},Ross Dr NW,-77.050164,7ac44a4c-f7fb-49b4-86e2-f358c0a4b90d
38.912606,0,1.65662E+12,"Washington, DC",5,ROAD_CLOSED,US,,ROAD_CLOSED_EVENT,10,7,0,{B00534AC-686C-42E6-B837-8E45CE8ECFA5},R St NW,-77.0199,dccb8961-aaac-4574-9d25-930907de3120
38.879073,3,1.6642E+12,"Washington, DC",3,WEATHERHAZARD,US,,HAZARD_ON_SHOULDER_CAR_STOPPED,10,3,35,{DB9E00CA-03A5-DEA2-BC2A-0DD4467872FC},DC-295 N,-76.966001,074976a5-e1fb-4cf0-874e-577ba94ffbb6
38.960663,0,1.66318E+12,"Washington, DC",0,ROAD_CLOSED,US,,ROAD_CLOSED_EVENT,6,7,0,{E46B92C7-ABE1-23F9-37A3-F2A7BB0216DB},Joyce Rd NW,-77.041812,215d4f73-d598-4955-b53c-d7cb8c1d23d2
38.836101,0,1.6642E+12,"Washington, DC",0,WEATHERHAZARD,US,,HAZARD_ON_ROAD_CAR_STOPPED,6,1,93,{5FB4A39B-2AD3-28C9-9BE7-368579111702},Wilmington Pl SE,-77.004155,daa272de-ec4d-475a-9bed-9997052a3f2e
38.858532,5,1.6642E+12,"Washington, DC",1,JAM,US,,JAM_STAND_STILL_TRAFFIC,7,7,15,{7863682A-267F-533E-AAED-FF1B6E7CE35F},S Capitol St SE,-77.004583,6b38c7ce-2673-49d6-8a00-9af8d798d1e0
38.843396,0,1.65203E+12,"Alexandria, VA",4,ROAD_CLOSED,US,,ROAD_CLOSED_EVENT,10,7,0,{E68F225D-E479-09DF-EA76-EE0739F273DE},W Glebe Rd,-77.077074,f3d725fc-8654-42a1-a713-2364f5efd067
38.91003,3,1.6642E+12,"Washington, DC",0,WEATHERHAZARD,US,,HAZARD_ON_ROAD_CAR_STOPPED,5,6,65,{218C04A6-F8A1-3B3B-E446-4040D0B392B1},New York Ave NE,-77.001156,e36c30eb-18b5-4f57-a4dc-4d9953f0b569
38.87723,0,1.63562E+12,"Washington, DC",5,ROAD_CLOSED,US,,ROAD_CLOSED_EVENT,10,1,0,{93B6719F-ABC9-0702-8098-1898B333D087},,-77.021199,08c2d606-f20f-4283-8809-3e99227f17cf
38.910644,2,1.66371E+12,"Washington, DC",0,ROAD_CLOSED,US,,ROAD_CLOSED_CONSTRUCTION,5,1,0,{EBD2BCDD-8D06-416D-1DA0-BEBEC2477B3E},Capitol Ave NE,-76.986278,d85a5c08-68b3-4a30-ba40-ef443b6f1fb7
38.906447,0,1.65574E+12,"Washington, DC",5,ROAD_CLOSED,US,,ROAD_CLOSED_EVENT,10,1,0,{2D4809A8-33BC-56E2-297B-4E22FB80BE6A},Patterson St NE,-77.005884,09bd1073-ca5b-493b-af4c-142280cae2f2
38.860561,0,1.63701E+12,"Arlington, VA",5,ROAD_CLOSED,US,,ROAD_CLOSED_EVENT,10,1,0,{C4D79628-69F3-3A41-C52B-61E5A9B92F2A},S Elm St,-77.055194,f16cd1f3-99d0-4d00-9645-de549227bb5a
38.937333,3,1.6642E+12,"Washington, DC",0,JAM,US,,JAM_STAND_STILL_TRAFFIC,5,7,89,{5CBD16DA-07F1-0E41-9B7D-984C8A2EB9EA},Porter St NW,-77.068219,0c313df8-6316-43ae-9050-ad0e7bbd0105
38.860936,0,1.64352E+12,"Arlington, VA",1,ROAD_CLOSED,US,0,ROAD_CLOSED_EVENT,8,20,0,{33516AFD-046D-FD6E-3A76-6959890FC48D},,-77.058381,f509d77a-572b-49c6-9664-74a190ff2cc0
38.860969,0,1.65721E+12,"Arlington, VA",0,ROAD_CLOSED,US,,ROAD_CLOSED_EVENT,6,20,0,{6DD63703-169B-F842-1690-7806DA67A52A},,-77.058813,7c77978f-37cf-4960-9733-1f3d8ba8e95e
38.860999,0,1.65721E+12,"Arlington, VA",1,ROAD_CLOSED,US,,ROAD_CLOSED_EVENT,9,20,0,{DFD83F7D-3338-973C-1F6A-6C6407E2276A},,-77.059246,1abf2456-d1ca-440a-8e01-059c2aa66fa4
38.912372,0,1.66006E+12,"Washington, DC",0,ROAD_CLOSED,US,,ROAD_CLOSED_EVENT,6,1,0,{848EC2AD-8D0E-4919-832D-E960C96E0DC7},Tondorf Rd NW,-77.074324,adcf5083-8b96-4de4-97cc-9f51664126da
38.892035,0,1.65989E+12,"Washington, DC",2,ROAD_CLOSED,US,0,ROAD_CLOSED_EVENT,10,2,0,{A91C021B-3000-9026-5D21-80ABE8E48690},2nd St NE,-77.00351,6da4468b-62a4-48cc-9b0a-eb79ecd46fad
38.866342,2,1.6642E+12,,0,WEATHERHAZARD,US,,HAZARD_ON_SHOULDER_CAR_STOPPED,5,3,66,{625BF936-B1F7-CA4F-AD68-88CB0548A5DF},I-395 Express,-77.065524,8f68317b-7218-4b91-855f-1c0ece3c71a2
38.895451,4,1.6642E+12,"Washington, DC",0,JAM,US,,JAM_MODERATE_TRAFFIC,5,7,243,{C7CB1B9D-35ED-997D-8CA6-5D52F7945036},Maryland Ave NE,-76.995054,5a1db6a1-dc7c-46f0-bd86-abcafe91c856
38.860936,0,1.64352E+12,"Arlington, VA",0,ROAD_CLOSED,US,,ROAD_CLOSED_EVENT,6,20,0,{BBE09961-9BD6-2D0B-B908-4ACDB35B9C87},,-77.058381,8466e0e9-adc9-4ec9-80db-a7ac408a3fb0
38.860921,0,1.65455E+12,"Arlington, VA",0,ROAD_CLOSED,US,,ROAD_CLOSED_EVENT,7,20,0,{AE588FC7-6780-9CA7-3930-524FA6CA0C26},,-77.058206,d5f003ed-8167-4365-a314-2acec0bb0abc
